// ID,name,email,addr_line1,city,province,zip_code,country
1,Ben Newman,ben_newman73@comcast.net,570 BIRR ST,ROCHESTER,NEW YORK,14613,UNITED STATES
2,Tony Curry,tcurry@verizon.net,592 BIRR ST,ROCHESTER,NEW YORK,14613,UNITED STATES
3,Damon Maldonado,damon_maldonado63@gmail.com,1 BURKE TER,ROCHESTER,NEW YORK,14613,UNITED STATES
4,Mike Sparks,msparks41@gmail.com,35 BEACH ST,ROCHESTER,NEW YORK,14621,UNITED STATES
5,Desiree Lloyd,desiree310@verizon.net,1046 DEWEY AV,ROCHESTER,NEW YORK,14613,UNITED STATES
6,Katherine Padilla,kpadilla102@comcast.net,83 RAINES PK,ROCHESTER,NEW YORK,14613,UNITED STATES
7,Floyd Bush,floyd_bush55@yahoo.com,19 JEWEL ST,ROCHESTER,NEW YORK,14621,UNITED STATES
8,Nicholas Flores,nicholas10195@gmail.com,1538 ST PAUL ST,ROCHESTER,NEW YORK,14621,UNITED STATES
9,Jerry Hansen,jerry_hansen@yahoo.com,259 BIDWELL TER,ROCHESTER,NEW YORK,14613,UNITED STATES
10,Kelly Harris,kharris@gmail.com,178 ARGO PK,ROCHESTER,NEW YORK,14613,UNITED STATES
11,Hugo Perry,hugop97@verizon.net,247 PIERPONT ST,ROCHESTER,NEW YORK,14613,UNITED STATES
12,Fernando Burns,fernando10236@gmail.com,48 SARANAC ST,ROCHESTER,NEW YORK,14621,UNITED STATES
13,Ida Marshall,ida_marshall13@verizon.net,251 LARK ST,ROCHESTER,NEW YORK,14613,UNITED STATES
14,Darryl Palmer,darryl78@comcast.net,167 ARGO PK,ROCHESTER,NEW YORK,14613,UNITED STATES
15,Sonja Blake,sonja_blake103@outlook.com,56 SARANAC ST,ROCHESTER,NEW YORK,14621,UNITED STATES
16,Bobbie Jimenez,bobbiej37@outlook.com,241 LARK ST,ROCHESTER,NEW YORK,14613,UNITED STATES
17,Robert Figueroa,robert_figueroa@yahoo.com,165 DOVE ST,ROCHESTER,NEW YORK,14613,UNITED STATES
18,Grady Kennedy,gkennedy17@yahoo.com,97 BRYAN ST,ROCHESTER,NEW YORK,14613,UNITED STATES
19,Holly Fitzgerald,hollyf26@gmail.com,117 BRYAN ST,ROCHESTER,NEW YORK,14613,UNITED STATES
20,Marguerite Brooks,margueriteb22@verizon.net,123 BRYAN ST,ROCHESTER,NEW YORK,14613,UNITED STATES
21,Jaime Gilbert,jgilbert36@outlook.com,173 BRYAN ST,ROCHESTER,NEW YORK,14613,UNITED STATES
22,Wilma Jones,wilma_jones@comcast.net,205 BRYAN ST,ROCHESTER,NEW YORK,14613,UNITED STATES
23,Elias Cross,ecross87@outlook.com,251 BRYAN ST,ROCHESTER,NEW YORK,14613,UNITED STATES
24,Loren Dawson,lorend18@comcast.net,161 DOVE ST,ROCHESTER,NEW YORK,14613,UNITED STATES
25,Yvette Daniel,ydaniel@outlook.com,1516 ST PAUL ST,ROCHESTER,NEW YORK,14621,UNITED STATES
26,Laurie Mccoy,laurie64@comcast.net,239 BIDWELL TER,ROCHESTER,NEW YORK,14613,UNITED STATES
27,Yolanda Richards,yolanda10946@verizon.net,10 FAIRVIEW HGTS,ROCHESTER,NEW YORK,14613,UNITED STATES
28,Ignacio Sherman,ignacio7725@comcast.net,25 SARANAC ST,ROCHESTER,NEW YORK,14621,UNITED STATES
29,Alice Martinez,amartinez@yahoo.com,33 SARANAC ST,ROCHESTER,NEW YORK,14621,UNITED STATES
30,Claude Robbins,claude_robbins77@outlook.com,231 LARK ST,ROCHESTER,NEW YORK,14613,UNITED STATES
31,Irvin Alexander,irvin106@gmail.com,156 DOVE ST,ROCHESTER,NEW YORK,14613,UNITED STATES
32,Jo Price,jo8146@outlook.com,14 LAKEVIEW TER,ROCHESTER,NEW YORK,14613,UNITED STATES
33,Brenda Weaver,brendaw110@comcast.net,141 ARGO PK,ROCHESTER,NEW YORK,14613,UNITED STATES
34,Ron Manning,ronm@outlook.com,225 BIDWELL TER,ROCHESTER,NEW YORK,14613,UNITED STATES
35,Glenn Simon,glenns@comcast.net,128 KISLINGBURY ST,ROCHESTER,NEW YORK,14613,UNITED STATES
36,Hugh Stewart,hughs88@verizon.net,146 ARGO PK,ROCHESTER,NEW YORK,14613,UNITED STATES
37,Mable Mathis,mable_mathis@comcast.net,13 LAKEVIEW TER,ROCHESTER,NEW YORK,14613,UNITED STATES
38,Ashley Larson,ashley_larson31@outlook.com,16 NORTHVIEW TER,ROCHESTER,NEW YORK,14621,UNITED STATES
39,Tyler Simpson,tsimpson58@verizon.net,224 KISLINGBURY ST,ROCHESTER,NEW YORK,14613,UNITED STATES
40,Nelson Bell,nbell@comcast.net,219 LARK ST,ROCHESTER,NEW YORK,14613,UNITED STATES
41,Olive Hammond,olive_hammond82@verizon.net,142 DOVE ST,ROCHESTER,NEW YORK,14613,UNITED STATES
42,Lela Wong,lela41026@yahoo.com,38 NORTHVIEW TER,ROCHESTER,NEW YORK,14621,UNITED STATES
43,Leonard Maxwell,leonard86@comcast.net,459 BEACH AV,ROCHESTER,NEW YORK,14612,UNITED STATES
44,Chris Patterson,chris_patterson11@yahoo.com,129 MERIDEN ST,ROCHESTER,NEW YORK,14612,UNITED STATES
45,Clifford Romero,cliffordr@comcast.net,188 BEACH AV,ROCHESTER,NEW YORK,14612,UNITED STATES
46,Thomas Mckinney,tmckinney37@gmail.com,91 HENLEY ST,ROCHESTER,NEW YORK,14612,UNITED STATES
47,Jan Pittman,jpittman@comcast.net,33 CORRIGAN ST,ROCHESTER,NEW YORK,14612,UNITED STATES
48,Carroll Anderson,carroll610210@verizon.net,36 HINCHER ST,ROCHESTER,NEW YORK,14612,UNITED STATES
49,Della Mann,della_mann@gmail.com,69 HINCHER ST,ROCHESTER,NEW YORK,14612,UNITED STATES
50,Emilio Howell,emilioh45@comcast.net,4731 LAKE AV,ROCHESTER,NEW YORK,14612,UNITED STATES
51,Margaret Miles,margaretm1010@gmail.com,560 5 AVE,NEW YORK CITY,NEW YORK,10036,UNITED STATES
52,Lynne Mendoza,lynne_mendoza@gmail.com,25 COLUMBIA HTS,NEW YORK CITY,NEW YORK,11201,UNITED STATES
53,Sonia Campbell,soniac@outlook.com,1903 FLUSHING AVE,NEW YORK CITY,NEW YORK,11385,UNITED STATES
54,Peggy Estrada,peggy_estrada@comcast.net,205 W  END AVE,NEW YORK CITY,NEW YORK,10023,UNITED STATES
55,Hazel Gibbs,hazelg94@gmail.com,3205 ARLINGTON AVE,NEW YORK CITY,NEW YORK,10463,UNITED STATES
56,Leroy Roberson,lroberson@comcast.net,2130 HARMAN ST,NEW YORK CITY,NEW YORK,11385,UNITED STATES
57,Forrest Fowler,ffowler15@gmail.com,2094 BARTOW AVE,NEW YORK CITY,NEW YORK,10475,UNITED STATES
58,Christy Porter,christy92@outlook.com,2098 BARTOW AVE,NEW YORK CITY,NEW YORK,10475,UNITED STATES
59,Margarita Tucker,margaritat@outlook.com,2130 BARTOW AVE,NEW YORK CITY,NEW YORK,10475,UNITED STATES
60,Gloria Adams,gloria17@comcast.net,739 BROOK AVE,NEW YORK CITY,NEW YORK,10451,UNITED STATES
61,Clayton Rose,crose110@outlook.com,866 E  165 ST,NEW YORK CITY,NEW YORK,10459,UNITED STATES
62,Jeffrey Evans,jeffrey_evans88@verizon.net,1926 CROTONA PKWY,NEW YORK CITY,NEW YORK,10460,UNITED STATES
63,Cecilia Scott,cscott89@verizon.net,260 RIVERSIDE DR,NEW YORK CITY,NEW YORK,10025,UNITED STATES
64,Neal Schmidt,neals11@yahoo.com,560 CONCORD AVE,NEW YORK CITY,NEW YORK,10455,UNITED STATES
65,Clyde Floyd,cfloyd@comcast.net,2123 AVE T,NEW YORK CITY,NEW YORK,11229,UNITED STATES
66,Dixie Caldwell,dixiec@gmail.com,759 ST ANNS AVE,NEW YORK CITY,NEW YORK,10451,UNITED STATES
67,Doyle Clayton,doyle75@gmail.com,50 RIVERSIDE DR,NEW YORK CITY,NEW YORK,10024,UNITED STATES
68,Adam Carson,adamc@yahoo.com,14 VAN DER LINN ST,NEW YORK CITY,NEW YORK,11414,UNITED STATES
69,Marc Byrd,marc_byrd610@verizon.net,2800 VICTORY BLVD,NEW YORK CITY,NEW YORK,10314,UNITED STATES
70,Sally Munoz,smunoz@yahoo.com,2800 VICTORY BLVD,NEW YORK CITY,NEW YORK,10314,UNITED STATES
71,Chelsea Zimmerman,czimmerman65@gmail.com,538 VANDERBILT AVE,NEW YORK CITY,NEW YORK,10304,UNITED STATES
72,Todd Schultz,todd14@comcast.net,1130 5 AVE,NEW YORK CITY,NEW YORK,10128,UNITED STATES
73,Terrence Dennis,terrence_dennis27@yahoo.com,755 ST ANNS AVE,NEW YORK CITY,NEW YORK,10451,UNITED STATES
74,Leslie Davis,leslied@yahoo.com,4655 ARLINGTON AVE,NEW YORK CITY,NEW YORK,10471,UNITED STATES
75,Jody Washington,jody_washington33@verizon.net,760 PARK AVE,NEW YORK CITY,NEW YORK,10021,UNITED STATES
76,Mattie Valdez,mattie_valdez13@verizon.net,701 PARK AVE,NEW YORK CITY,NEW YORK,10021,UNITED STATES
77,William Reese,william_reese83@yahoo.com,960 PARK AVE,NEW YORK CITY,NEW YORK,10028,UNITED STATES
78,Darnell Page,dpage31@gmail.com,350 LEXINGTON AVE,NEW YORK CITY,NEW YORK,10016,UNITED STATES
79,Tracey Frank,tracey_frank@verizon.net,753 ST ANNS AVE,NEW YORK CITY,NEW YORK,10451,UNITED STATES
80,Nina Rogers,nina_rogers73@outlook.com,755 ST ANNS AVE,NEW YORK CITY,NEW YORK,10451,UNITED STATES
81,Faye Hardy,fayeh87@comcast.net,749 ST ANNS AVE,NEW YORK CITY,NEW YORK,10451,UNITED STATES
82,Lois Johnston,loisj15@yahoo.com,233 MADISON AVE,NEW YORK CITY,NEW YORK,10016,UNITED STATES
83,Edwin Bradley,ebradley74@verizon.net,67 PARK AVE,NEW YORK CITY,NEW YORK,10016,UNITED STATES
84,Marco Peters,mpeters110@verizon.net,1015 PARK AVE,NEW YORK CITY,NEW YORK,10028,UNITED STATES
85,Lucia Chapman,luciac76@outlook.com,327 CENTRAL PARK   W,NEW YORK CITY,NEW YORK,10025,UNITED STATES
86,Fred Morris,fred_morris@gmail.com,1010 5 AVE,NEW YORK CITY,NEW YORK,10028,UNITED STATES
87,Isabel Summers,isabel_summers59@verizon.net,16 PARK AVE,NEW YORK CITY,NEW YORK,10016,UNITED STATES
88,Monica Collins,monica_collins52@outlook.com,1160 PARK AVE,NEW YORK CITY,NEW YORK,10128,UNITED STATES
89,Tricia Walsh,tricia_walsh@comcast.net,969 5 AVE,NEW YORK CITY,NEW YORK,10075,UNITED STATES
90,Emily Woods,emilyw83@gmail.com,27 MADISON AVE,NEW YORK CITY,NEW YORK,10010,UNITED STATES
91,Violet Underwood,violet_underwood@comcast.net,1109 5 AVE,NEW YORK CITY,NEW YORK,10128,UNITED STATES
92,Maryann Chambers,maryann93@yahoo.com,1060 5 AVE,NEW YORK CITY,NEW YORK,10128,UNITED STATES
93,Joel Sullivan,joels@outlook.com,195 ST JOHNS AVE,NEW YORK CITY,NEW YORK,10305,UNITED STATES
94,Gwendolyn Rowe,gwendolynr@outlook.com,50 PARK AVE,NEW YORK CITY,NEW YORK,10016,UNITED STATES
95,Wilbert Mcguire,wilbert106@yahoo.com,50 PARK AVE,NEW YORK CITY,NEW YORK,10016,UNITED STATES
96,Charlotte Cohen,charlottec@outlook.com,777 W END AVE,NEW YORK CITY,NEW YORK,10025,UNITED STATES
97,Kevin Sanders,kevin42@comcast.net,1 SUTTON PL,NEW YORK CITY,NEW YORK,10022,UNITED STATES
98,Loretta Delgado,loretta_delgado210@yahoo.com,70 E 167 ST,NEW YORK CITY,NEW YORK,10452,UNITED STATES
99,Heidi Singleton,heidi1348@verizon.net,940 PARK AVE,NEW YORK CITY,NEW YORK,10028,UNITED STATES
100,Heather Hoffman,heather_hoffman93@gmail.com,907 5 AVE,NEW YORK CITY,NEW YORK,10021,UNITED STATES
101,Harry Mclaughlin,harrym92@outlook.com,16 GERMAIN ST,BURLINGTON,VERMONT,05401,UNITED STATES
102,Madeline Reynolds,mreynolds93@comcast.net,0 W THOMAS RD,LUNENBURG,VERMONT,05906,UNITED STATES
103,Drew Hoffman,dhoffman610@comcast.net,0 KINGSLAND TER,BURLINGTON,VERMONT,05401,UNITED STATES
104,Natalie Perkins,nataliep910@yahoo.com,702 VT ROUTE 12,HARTLAND,VERMONT,05091,UNITED STATES
105,Wesley Wade,wesleyw@outlook.com,136 BELLEVUE AVE,RUTLAND CITY,VERMONT,05701,UNITED STATES
106,Earl Saunders,earl3379@gmail.com,51 S MAIN ST,NORTHFIELD,VERMONT,05663,UNITED STATES
107,Ebony Gibbs,ebony_gibbs41@outlook.com,135 DEPOT ST,MANCHESTER,VERMONT,05255,UNITED STATES
108,Rick Montgomery,rick_montgomery45@gmail.com,497 GREAT HAWK RD,ROCHESTER,VERMONT,05767,UNITED STATES
109,Dorothy Joseph,dorothyj@yahoo.com,7 HUNT ST,FAIRFAX,VERMONT,05454,UNITED STATES
110,Genevieve Abbott,genevieve_abbott27@outlook.com,36 MAIN ST,SPRINGFIELD,VERMONT,05156,UNITED STATES
111,Leslie Wolfe,leslie2697@comcast.net,45 GRANITE ST,BARRE CITY,VERMONT,05641,UNITED STATES
112,Devin Mack,dmack@yahoo.com,4945 VT ROUTE 113,THETFORD,VERMONT,05075,UNITED STATES
113,Kristi Simmons,kristi_simmons15@comcast.net,122 ADAMS SCHOOL RD,GRAND ISLE,VERMONT,05458,UNITED STATES
114,Chad Willis,chadw23@comcast.net,4 CHERRY TREE CT,SAINT ALBANS CITY,VERMONT,05478,UNITED STATES
115,Flora Ball,flora2942@verizon.net,5 PLEASANT ST,SAXTONS RIVER,VERMONT,05154,UNITED STATES
116,Naomi Pittman,npittman41@comcast.net,119 HASTINGS MEADOW LN,WAITSFIELD,VERMONT,05673,UNITED STATES
117,Lillian Lawrence,lillian46910@verizon.net,37 HINTON HILL RD,WESTMORE,VERMONT,05860,UNITED STATES
118,Marlon Berry,marlon_berry26@outlook.com,611 POND HILL RD,LUNENBURG,VERMONT,05906,UNITED STATES
119,Dominic Newton,dominicn85@verizon.net,274 COLLEGE ST,BURLINGTON,VERMONT,05401,UNITED STATES
120,Sergio Miles,sergio_miles@yahoo.com,202 RIVER RD S,PUTNEY,VERMONT,05346,UNITED STATES
121,Derek Gordon,derekg68@yahoo.com,75 BELLE FRED DR,RANDOLPH,VERMONT,05060,UNITED STATES
122,Viola Moss,violam710@comcast.net,3413 LAKEVIEW DR,NORTH HERO,VERMONT,05474,UNITED STATES
123,Ryan Tran,rtran@comcast.net,0 COBURN HILL RD,CRAFTSBURY,VERMONT,05826,UNITED STATES
124,Bradford Myers,bradfordm@verizon.net,78 RANDOLPH RD,HIGHGATE,VERMONT,05488,UNITED STATES
125,Luz Sparks,lsparks@gmail.com,278 LAKE RD,MILTON,VERMONT,05468,UNITED STATES
126,Melba Ross,mross@yahoo.com,92 WESTWOOD PKWY,BARRE CITY,VERMONT,05641,UNITED STATES
127,Billy Hamilton,billy_hamilton55@gmail.com,339 REYNOLDS RD,FLETCHER,VERMONT,05444,UNITED STATES
128,Randolph Reeves,rreeves@gmail.com,768 FLAT ROCK RD,CHARLOTTE,VERMONT,05445,UNITED STATES
129,Tanya Warner,tanya_warner@yahoo.com,12 DEWEY PL,SOUTH BURLINGTON,VERMONT,05403,UNITED STATES
130,Shelly Lowe,shelly_lowe84@verizon.net,131 WOODLAND RD,VERNON,VERMONT,05354,UNITED STATES
131,Lynette Cook,lynette_cook@yahoo.com,0 W JAMAICA RD,JAMAICA,VERMONT,05343,UNITED STATES
132,Erika Fernandez,efernandez@gmail.com,172 GREY BIRCH DR,COLCHESTER,VERMONT,05446,UNITED STATES
133,Sherri Norris,sherri_norris@gmail.com,2 WHITE BIRCHES MHP,BENNINGTON,VERMONT,05201,UNITED STATES
134,Kristin Wagner,kristinw104@comcast.net,133 MAPLE ST,CAMBRIDGE,VERMONT,05464,UNITED STATES
135,Randal Mason,randalm33@verizon.net,471 CENTER POND RD,NEWARK,VERMONT,05871,UNITED STATES
136,Darren Rose,darrenr@gmail.com,36 SUNRISE DR,SOUTH HERO,VERMONT,05486,UNITED STATES
137,Jessica Ortiz,jessica_ortiz81@yahoo.com,536 SUNSET LN W,HINESBURG,VERMONT,05461,UNITED STATES
138,Andrew Salazar,andrew410@outlook.com,202 HIDDEN LAKE RD,MARLBORO,VERMONT,05301,UNITED STATES
139,Sylvester Chambers,sylvester_chambers41@outlook.com,3542 TICEHURST RD,BROWNINGTON,VERMONT,05860,UNITED STATES
140,Delia Byrd,delia_byrd@yahoo.com,17 S MEADOW DR,BURLINGTON,VERMONT,05401,UNITED STATES
141,Elizabeth Hunt,elizabeth46@outlook.com,1401 SNAKE RD,NEWBURY,VERMONT,05051,UNITED STATES
142,Jeanette Herrera,jeanette73610@yahoo.com,1529 BRONSON RD,SAINT ALBANS TOWN,VERMONT,05478,UNITED STATES
143,Johnnie Carroll,johnnie_carroll74@gmail.com,665 OWLSHEAD MOUNTAIN RD,WATERBURY,VERMONT,05676,UNITED STATES
144,Vicki Aguilar,vickia@yahoo.com,245 OWEN CT,MILTON,VERMONT,05468,UNITED STATES
145,Claudia Clayton,claudia44101@gmail.com,138 CRAB APPLE RDG,RANDOLPH,VERMONT,05060,UNITED STATES
146,Barbara Carr,barbara_carr79@gmail.com,55 JANES RD,SWANTON,VERMONT,05488,UNITED STATES
147,Alexis Nelson,alexis_nelson@gmail.com,349 GEORGES BLVD,EAST HAVEN,VERMONT,05837,UNITED STATES
148,Bobby Gonzalez,bgonzalez1010@verizon.net,9471 MAIN RD,HUNTINGTON,VERMONT,05462,UNITED STATES
149,Eloise Howell,eloise1010@outlook.com,569 CAMPBELL RD,IRASBURG,VERMONT,05845,UNITED STATES
150,Antonia Murphy,amurphy83@gmail.com,59 RIVER ST,WINOOSKI,VERMONT,05404,UNITED STATES
151,Julian Buchanan,julianb76@yahoo.com,421 S Boyle Ave,Los Angeles,CALIFORNIA,90033,UNITED STATES
152,Kathryn Cain,kcain@yahoo.com,228 W 231st St,Carson,CALIFORNIA,90745,UNITED STATES
153,Gladys Manning,gladysm@comcast.net,15531 Brayton St,Paramount,CALIFORNIA,90723,UNITED STATES
154,Jimmie Duncan,jimmie41083@yahoo.com,1524 N Valley St,Burbank,CALIFORNIA,91505,UNITED STATES
155,Jan Obrien,jano13@comcast.net,23815 Fulmar Ave,Torrance,CALIFORNIA,90501,UNITED STATES
156,Hazel Jennings,hazel69@verizon.net,629 Crestmoore Pl,Venice,CALIFORNIA,90291,UNITED STATES
157,Annie Butler,abutler57@outlook.com,9953 Maude Ave,Sunland,CALIFORNIA,91040,UNITED STATES
158,Gordon Hubbard,gordon_hubbard@yahoo.com,1702 West Blvd,Los Angeles,CALIFORNIA,90019,UNITED STATES
159,Doug Brock,doug_brock@verizon.net,920 E Hill St,Long Beach,CALIFORNIA,90806,UNITED STATES
160,Stella Drake,stella1552@verizon.net,9326 Deering Ave,Chatsworth,CALIFORNIA,91311,UNITED STATES
161,Hugo Olson,hugo_olson@verizon.net,516 S Avenue 19,Los Angeles,CALIFORNIA,90031,UNITED STATES
162,Miriam Pearson,miriam7154@yahoo.com,16373 Denley St,Hacienda Heights,CALIFORNIA,91745,UNITED STATES
163,Marian Pope,marian81@comcast.net,12232 186th St,Artesia,CALIFORNIA,90701,UNITED STATES
164,Jennifer Burke,jenniferb@outlook.com,4502 Conquista Ave,Lakewood,CALIFORNIA,90713,UNITED STATES
165,Katherine Stevenson,katherines@yahoo.com,602 Quincy Ave,Long Beach,CALIFORNIA,90814,UNITED STATES
166,Moses Sandoval,moses103@gmail.com,13421 S Shoup Ave,Hawthorne,CALIFORNIA,90250,UNITED STATES
167,Floyd Palmer,floyd7681@yahoo.com,2193 Caspian Ave,Long Beach,CALIFORNIA,90810,UNITED STATES
168,Emilio Barton,emiliob@comcast.net,10829 Hopland St,Norwalk,CALIFORNIA,90650,UNITED STATES
169,Marcia Baker,marcia73@gmail.com,2324 Ashland Ave,Santa Monica,CALIFORNIA,90405,UNITED STATES
170,Katrina Patton,katrina_patton101@comcast.net,7631 Yates St,Tujunga,CALIFORNIA,91042,UNITED STATES
171,Glenn Garcia,ggarcia@comcast.net,26638 Country Creek Ln,Calabasas,CALIFORNIA,91302,UNITED STATES
172,Frances Garza,frances77103@outlook.com,2910 Neilson Wy,Santa Monica,CALIFORNIA,90405,UNITED STATES
173,Marshall Meyer,marshallm28@comcast.net,36815 Alder St,Palmdale,CALIFORNIA,93552,UNITED STATES
174,Ron Thornton,ront77@outlook.com,14342 Valeda Dr,La Mirada,CALIFORNIA,90638,UNITED STATES
175,Kelly Terry,kelly88210@yahoo.com,4437 Eagle Rock Blvd,Los Angeles,CALIFORNIA,90041,UNITED STATES
176,Shirley Hampton,shirley810@comcast.net,2317 Mantis Ave,San Pedro,CALIFORNIA,90732,UNITED STATES
177,Alicia James,aliciaj@outlook.com,2940 W Avenue 37,Los Angeles,CALIFORNIA,90065,UNITED STATES
178,Courtney Logan,courtneyl@yahoo.com,7025 Chimineas Ave,Reseda,CALIFORNIA,91335,UNITED STATES
179,Irvin Lloyd,illoyd31@yahoo.com,10544 Whitegate Ave,Sunland,CALIFORNIA,91040,UNITED STATES
180,Clyde Peters,clydep@verizon.net,11846 Rimrock Dr,La Mirada,CALIFORNIA,90638,UNITED STATES
181,Richard Patrick,richardp97@verizon.net,601 E Algrove St,Covina,CALIFORNIA,91723,UNITED STATES
182,Carroll Harris,carrollh64@gmail.com,12001 Millennium Park Ct,Hawthorne,CALIFORNIA,90250,UNITED STATES
183,Josephine Pena,josephinep@gmail.com,12508 Maidstone Ave,Norwalk,CALIFORNIA,90650,UNITED STATES
184,Rogelio Martin,rogeliom33@outlook.com,1012 Geranio Dr,Alhambra,CALIFORNIA,91801,UNITED STATES
185,Celia Mathis,celia_mathis@yahoo.com,642 S Donna Beth Ave,West Covina,CALIFORNIA,91791,UNITED STATES
186,Eva Weaver,eva_weaver19@outlook.com,3023 Future St,Los Angeles,CALIFORNIA,90065,UNITED STATES
187,Tina Mccoy,tmccoy105@gmail.com,3202 Los Feliz Blvd,Los Angeles,CALIFORNIA,90039,UNITED STATES
188,Chester Medina,chester_medina@verizon.net,6251 Willowcrest Ave,North Hollywood,CALIFORNIA,91606,UNITED STATES
189,Alexander Hogan,alexander61031@outlook.com,2317 E Cesar E Chavez Ave,Los Angeles,CALIFORNIA,90033,UNITED STATES
190,Marion Parsons,marionp@outlook.com,2926 E Chevy Chase Dr,Glendale,CALIFORNIA,91206,UNITED STATES
191,Angela Carter,angela2582@yahoo.com,16807 Via La Costa,Pacific Palisades,CALIFORNIA,90272,UNITED STATES
192,Lorenzo Roberson,lroberson76@outlook.com,1109 S Del Mar Ave,San Gabriel,CALIFORNIA,91776,UNITED STATES
193,Jenny Estrada,jenny310@outlook.com,8914 Hooper Ave,Los Angeles,CALIFORNIA,90002,UNITED STATES
194,Rex Torres,rex21@comcast.net,11386 Dona Dorotea Dr,Studio City,CALIFORNIA,91604,UNITED STATES
195,Lamar Jackson,ljackson97@comcast.net,1800 N Lake Ave,Pasadena,CALIFORNIA,91104,UNITED STATES
196,Rudy Gardner,rudy_gardner510@comcast.net,6038 King Ave,Maywood,CALIFORNIA,90270,UNITED STATES
197,Laura Kennedy,laura_kennedy74@yahoo.com,4721 Louise Ave,Encino,CALIFORNIA,91316,UNITED STATES
198,Estelle Bates,estelle_bates@gmail.com,9000 Tujunga Canyon Blvd,Tujunga,CALIFORNIA,91042,UNITED STATES
199,Brandy Vasquez,brandy17@comcast.net,240 W Verdugo Ave,Burbank,CALIFORNIA,91502,UNITED STATES
200,Joel Brady,jbrady@yahoo.com,16631 Nanberry Rd,Encino,CALIFORNIA,91436,UNITED STATES
201,Alfredo Todd,alfredot39@outlook.com,570 E 400 NORTH RD,HERRICK,ILLINOIS,62431,UNITED STATES
202,Joe Poole,joe_poole@verizon.net,71 N 700 EAST RD,HERRICK,ILLINOIS,62431,UNITED STATES
203,Glenda Alvarez,glendaa65@gmail.com,753 E 225 NORTH RD,HERRICK,ILLINOIS,62431,UNITED STATES
204,Emmett Garza,emmettg76@outlook.com,647 N 600 EAST RD,HERRICK,ILLINOIS,62431,UNITED STATES
205,Teri Hodges,teri710@gmail.com,32 N 600 EAST RD,HERRICK,ILLINOIS,62431,UNITED STATES
206,Trevor Hunt,trevorh45@verizon.net,163 N 700 EAST RD,HERRICK,ILLINOIS,62431,UNITED STATES
207,Ginger Baker,gbaker210@yahoo.com,696 E 300 NORTH RD,HERRICK,ILLINOIS,62431,UNITED STATES
208,Eunice Rhodes,erhodes76@comcast.net,499 N 500 EAST RD,HERRICK,ILLINOIS,62431,UNITED STATES
209,Gwen Mckinney,gwenm@yahoo.com,117 N 1080 EAST RD,HERRICK,ILLINOIS,62431,UNITED STATES
210,Christy Smith,christys@verizon.net,424 N 1000 EAST RD,HERRICK,ILLINOIS,62431,UNITED STATES
211,Luz Mcdaniel,lmcdaniel79@outlook.com,1013 E 400 NORTH RD,HERRICK,ILLINOIS,62431,UNITED STATES
212,Wanda Mccarthy,wmccarthy@yahoo.com,500 E 500 NORTH RD,HERRICK,ILLINOIS,62431,UNITED STATES
213,Rita Matthews,rita_matthews@gmail.com,2464 N 2175 EAST RD,BETHANY,ILLINOIS,61914,UNITED STATES
214,Cecilia Morris,cecilia9784@verizon.net,2443 N 2050 EAST RD,BETHANY,ILLINOIS,61914,UNITED STATES
215,Andres French,andresf@outlook.com,2400 N 2050 EAST RD,BETHANY,ILLINOIS,61914,UNITED STATES
216,Beverly Knight,beverlyk19@outlook.com,2404 N 2050 EAST RD,BETHANY,ILLINOIS,61914,UNITED STATES
217,Tricia Francis,tricia_francis104@gmail.com,2420 N 2050 EAST RD,BETHANY,ILLINOIS,61914,UNITED STATES
218,Linda Green,lgreen@outlook.com,2079 E 2475 NORTH RD,BETHANY,ILLINOIS,61914,UNITED STATES
219,Rosemarie Wheeler,rosemarie13@comcast.net,2069 E 2475 NORTH RD,BETHANY,ILLINOIS,61914,UNITED STATES
220,Garry Williams,gwilliams12@gmail.com,2067 E 2475 NORTH RD,BETHANY,ILLINOIS,61914,UNITED STATES
221,Tracey Norris,tracey_norris@verizon.net,2480 N 2050 EAST RD,BETHANY,ILLINOIS,61914,UNITED STATES
222,Mona Welch,mona_welch910@comcast.net,2053 E 2475 NORTH RD,BETHANY,ILLINOIS,61914,UNITED STATES
223,Willis Massey,willis3388@comcast.net,2493 N 2050 EAST RD,BETHANY,ILLINOIS,61914,UNITED STATES
224,Jack Warren,jackw85@outlook.com,1760 COUNTY HIGHWAY 21,BETHANY,ILLINOIS,61914,UNITED STATES
225,Hilda Bowers,hilda21073@yahoo.com,1700 COUNTY HIGHWAY 21,BETHANY,ILLINOIS,61914,UNITED STATES
226,Rachael Brock,rachael_brock@yahoo.com,2991 COUNTY HIGHWAY 1,BETHANY,ILLINOIS,61914,UNITED STATES
227,Dixie Maldonado,dmaldonado@comcast.net,1738 E 3000 NORTH RD,BETHANY,ILLINOIS,61914,UNITED STATES
228,Vicki Little,vlittle64@outlook.com,1680 E 3000 NORTH RD,BETHANY,ILLINOIS,61914,UNITED STATES
229,Johnny Ross,johnny41047@gmail.com,2437 N 1700 EAST RD,BETHANY,ILLINOIS,61914,UNITED STATES
230,Jimmy Martinez,jimmy96@comcast.net,1704 E 2500 NORTH RD,BETHANY,ILLINOIS,61914,UNITED STATES
231,Eugene Bryan,ebryan61@outlook.com,2567 STATE HIGHWAY 128,BETHANY,ILLINOIS,61914,UNITED STATES
232,Bobby Summers,bsummers69@verizon.net,1741 E 2500 NORTH RD,BETHANY,ILLINOIS,61914,UNITED STATES
233,Charlie Ortiz,cortiz@outlook.com,2517 STATE HIGHWAY 128,BETHANY,ILLINOIS,61914,UNITED STATES
234,Sonia Carroll,soniac53@gmail.com,2759 STATE HIGHWAY 128,BETHANY,ILLINOIS,61914,UNITED STATES
235,Marc Shaw,marc8821@comcast.net,2747 STATE HIGHWAY 128,BETHANY,ILLINOIS,61914,UNITED STATES
236,Sean Washington,sean73@gmail.com,2858 N 1700 EAST RD,BETHANY,ILLINOIS,61914,UNITED STATES
237,Nicole Lindsey,nlindsey210@comcast.net,2930 COUNTY HIGHWAY 1,BETHANY,ILLINOIS,61914,UNITED STATES
238,Tina Estrada,tina_estrada@verizon.net,2757 N 1700 EAST RD,BETHANY,ILLINOIS,61914,UNITED STATES
239,Cheryl Nelson,cheryl_nelson89@verizon.net,2632 N 1700 EAST RD,BETHANY,ILLINOIS,61914,UNITED STATES
240,Rosie Gardner,rosie_gardner37@yahoo.com,1979 E 2475 NORTH RD,BETHANY,ILLINOIS,61914,UNITED STATES
241,Verna Vargas,verna10725@yahoo.com,1678 E 3000 NORTH RD,BETHANY,ILLINOIS,61914,UNITED STATES
242,Carl Mack,cmack59@comcast.net,2752 N 1700 EAST RD,BETHANY,ILLINOIS,61914,UNITED STATES
243,Nichole Perez,nichole55@verizon.net,170 N 1500 EAST RD,COWDEN,ILLINOIS,62422,UNITED STATES
244,Eileen Young,eileen44@verizon.net,1475 E 225 NORTH RD,COWDEN,ILLINOIS,62422,UNITED STATES
245,Eleanor Rios,eleanor_rios@outlook.com,1478 E 500 NORTH RD,COWDEN,ILLINOIS,62422,UNITED STATES
246,Inez Bryant,inez_bryant77@verizon.net,1686 E 500 NORTH RD,COWDEN,ILLINOIS,62422,UNITED STATES
247,Paulette Greer,pauletteg@outlook.com,488 N 1700 EAST RD,COWDEN,ILLINOIS,62422,UNITED STATES
248,Jackie Carter,jackie_carter@outlook.com,1700 E 500 NORTH RD,COWDEN,ILLINOIS,62422,UNITED STATES
249,Ricky Miles,rickym27@outlook.com,158 N 1400 EAST RD,COWDEN,ILLINOIS,62422,UNITED STATES
250,Melanie Dixon,melanie_dixon@gmail.com,1336 E 225 NORTH RD,COWDEN,ILLINOIS,62422,UNITED STATES
251,Victor Valdez,vvaldez@gmail.com,2001 ST MARYS BLVD,JEFFERSON CITY,MISSOURI,65109,UNITED STATES
252,Crystal Porter,crystalp34@gmail.com,2009 ST MARYS BLVD,JEFFERSON CITY,MISSOURI,65109,UNITED STATES
253,Felix Moody,felix_moody@comcast.net,2110 ST MARYS BLVD,JEFFERSON CITY,MISSOURI,65109,UNITED STATES
254,Isaac Greene,isaac2274@yahoo.com,2119 ST MARYS BLVD,JEFFERSON CITY,MISSOURI,65109,UNITED STATES
255,Tom Cannon,tom_cannon@yahoo.com,2022 MISSOURI BLVD,JEFFERSON CITY,MISSOURI,65109,UNITED STATES
256,Rogelio Walsh,rogelio95510@verizon.net,2012 MISSOURI BLVD,JEFFERSON CITY,MISSOURI,65109,UNITED STATES
257,Erma Powers,erma_powers51@outlook.com,520 DIX RD,JEFFERSON CITY,MISSOURI,65109,UNITED STATES
258,Gail Dean,gail_dean76@comcast.net,2018 WILLIAM ST,JEFFERSON CITY,MISSOURI,65109,UNITED STATES
259,Bernice Marsh,bmarsh37@outlook.com,2300 MISSOURI BLVD,JEFFERSON CITY,MISSOURI,65109,UNITED STATES
260,Myra Quinn,myra_quinn31@gmail.com,2300 ST MARYS BLVD,JEFFERSON CITY,MISSOURI,65109,UNITED STATES
261,Todd Gonzales,toddg34@comcast.net,2207 MISSOURI BLVD,JEFFERSON CITY,MISSOURI,65109,UNITED STATES
262,Wilson Burgess,wilson_burgess72@verizon.net,728 HEISINGER RD,JEFFERSON CITY,MISSOURI,65109,UNITED STATES
263,Dominic Barker,dominic_barker107@gmail.com,2009 MISSOURI BLVD,JEFFERSON CITY,MISSOURI,65109,UNITED STATES
264,Orlando Dawson,orlando_dawson@verizon.net,730 WICKER LN,JEFFERSON CITY,MISSOURI,65109,UNITED STATES
265,Javier Griffith,jgriffith75@comcast.net,2605 MISSOURI BLVD,JEFFERSON CITY,MISSOURI,65109,UNITED STATES
266,Lola Copeland,lola_copeland@yahoo.com,718 W STADIUM BLVD,JEFFERSON CITY,MISSOURI,65109,UNITED STATES
267,Roman Hubbard,roman_hubbard47@gmail.com,2024 ST MARYS BLVD,JEFFERSON CITY,MISSOURI,65109,UNITED STATES
268,Perry Alexander,perry75@gmail.com,2100 ST MARYS BLVD,JEFFERSON CITY,MISSOURI,65109,UNITED STATES
269,Alberta Luna,albertal@verizon.net,2104 ST MARYS BLVD,JEFFERSON CITY,MISSOURI,65109,UNITED STATES
270,Claire Hamilton,chamilton@yahoo.com,2106 ST MARYS BLVD,JEFFERSON CITY,MISSOURI,65109,UNITED STATES
271,Amelia Wong,amelia81@outlook.com,610 DIX RD,JEFFERSON CITY,MISSOURI,65109,UNITED STATES
272,Donnie Rogers,donnie6777@yahoo.com,606 DIX RD,JEFFERSON CITY,MISSOURI,65109,UNITED STATES
273,Carroll Stephens,carroll44@outlook.com,604 DIX RD,JEFFERSON CITY,MISSOURI,65109,UNITED STATES
274,Clayton Schmidt,clayton_schmidt31@comcast.net,600 DIX RD,JEFFERSON CITY,MISSOURI,65109,UNITED STATES
275,Sylvester Marshall,sylvester108@verizon.net,2013 WILLIAM ST,JEFFERSON CITY,MISSOURI,65109,UNITED STATES
276,Dustin Parker,dustinp@verizon.net,2319 MISSOURI BLVD,JEFFERSON CITY,MISSOURI,65109,UNITED STATES
277,Gerardo Taylor,gtaylor85@comcast.net,2305 MISSOURI BLVD,JEFFERSON CITY,MISSOURI,65109,UNITED STATES
278,Aubrey Collins,aubreyc29@verizon.net,2233 MISSOURI BLVD,JEFFERSON CITY,MISSOURI,65109,UNITED STATES
279,Tracy Sandoval,tracys210@comcast.net,2223 MISSOURI BLVD,JEFFERSON CITY,MISSOURI,65109,UNITED STATES
280,Felicia Day,feliciad73@outlook.com,721 WICKER LN,JEFFERSON CITY,MISSOURI,65109,UNITED STATES
281,Marty Parsons,marty_parsons@gmail.com,719 WICKER LN,JEFFERSON CITY,MISSOURI,65109,UNITED STATES
282,Ethel Fitzgerald,efitzgerald@gmail.com,2001 MISSOURI BLVD,JEFFERSON CITY,MISSOURI,65109,UNITED STATES
283,Carla Mccoy,carla78@comcast.net,2323 MISSOURI BLVD,JEFFERSON CITY,MISSOURI,65109,UNITED STATES
284,Rudolph Ferguson,rferguson@yahoo.com,2121 ST MARYS BLVD,JEFFERSON CITY,MISSOURI,65109,UNITED STATES
285,Noel Anderson,noela@yahoo.com,2120 MISSOURI BLVD,JEFFERSON CITY,MISSOURI,65109,UNITED STATES
286,Tammy Diaz,tammyd@gmail.com,2118 MISSOURI BLVD,JEFFERSON CITY,MISSOURI,65109,UNITED STATES
287,Julian Butler,julian10957@yahoo.com,2114 MISSOURI BLVD,JEFFERSON CITY,MISSOURI,65109,UNITED STATES
288,Alvin Joseph,ajoseph@verizon.net,2107 DALTON DR,JEFFERSON CITY,MISSOURI,65109,UNITED STATES
289,Lynette Casey,lynette27@comcast.net,2211 ST MARYS BLVD,JEFFERSON CITY,MISSOURI,65109,UNITED STATES
290,Dianne Wallace,dwallace@outlook.com,2217 ST MARYS BLVD,JEFFERSON CITY,MISSOURI,65109,UNITED STATES
291,Billy Bowen,billy85103@gmail.com,2224 MISSOURI BLVD,JEFFERSON CITY,MISSOURI,65109,UNITED STATES
292,Ramona Tyler,rtyler@verizon.net,721 Heisinger RD,JEFFERSON CITY,MISSOURI,65109,UNITED STATES
293,Monica Hicks,monica_hicks@comcast.net,2107 MISSOURI BLVD,JEFFERSON CITY,MISSOURI,65109,UNITED STATES
294,Naomi Bailey,nbailey47@outlook.com,2021 MISSOURI BLVD,JEFFERSON CITY,MISSOURI,65109,UNITED STATES
295,Ervin Robbins,ervin_robbins@comcast.net,2015 MISSOURI BLVD,JEFFERSON CITY,MISSOURI,65109,UNITED STATES
296,Ebony Lamb,elamb@outlook.com,744 W STADIUM BLVD,JEFFERSON CITY,MISSOURI,65109,UNITED STATES
297,Angel Chapman,angel_chapman102@outlook.com,724 W STADIUM BLVD,JEFFERSON CITY,MISSOURI,65109,UNITED STATES
298,Laura Mclaughlin,lauram102@verizon.net,735 W STADIUM BLVD,JEFFERSON CITY,MISSOURI,65109,UNITED STATES
299,Stuart Craig,stuart102@outlook.com,2509 MISSOURI BLVD,JEFFERSON CITY,MISSOURI,65109,UNITED STATES
300,Emilio Page,epage210@outlook.com,418 LADUE RD,JEFFERSON CITY,MISSOURI,65109,UNITED STATES
301,Jodi Glover,jodi_glover@verizon.net,2511 S JENKINS RD,SAINT LUCIE COUNTY,FLORIDA,34950,UNITED STATES
302,Mandy Lane,mandy71083@verizon.net,2421 PETERS RD,SAINT LUCIE COUNTY,FLORIDA,34950,UNITED STATES
303,Vicki Terry,vicki_terry@comcast.net,7001 OKEECHOBEE RD,FORT PIERCE,FLORIDA,34950,UNITED STATES
304,Sherri Clark,sherri_clark45@comcast.net,2898 S KINGS HWY,FORT PIERCE,FLORIDA,34950,UNITED STATES
305,Candace Warren,candacew11@yahoo.com,7147 OKEECHOBEE RD,FORT PIERCE,FLORIDA,34950,UNITED STATES
306,Bobbie Moran,bobbiem107@yahoo.com,1409 EDGEWOOD TERR,FORT PIERCE,FLORIDA,34950,UNITED STATES
307,Mitchell Leonard,mleonard@outlook.com,3407 S JENKINS RD,SAINT LUCIE COUNTY,FLORIDA,34950,UNITED STATES
308,Emily Colon,emilyc@gmail.com,10851 SW 53RD CIR,OCALA,FLORIDA,34476,UNITED STATES
309,Rudy Austin,rudy91@gmail.com,5746 BRIARGATE LN,FORT PIERCE,FLORIDA,34950,UNITED STATES
310,Raul Jones,rjones910@comcast.net,3605 GORDY RD,SAINT LUCIE COUNTY,FLORIDA,34950,UNITED STATES
311,Sylvester Salazar,sylvester97@comcast.net,714 N 22nd ST,FORT PIERCE,FLORIDA,34950,UNITED STATES
312,Robin Hunt,robin3238@verizon.net,6020 SW 112TH PLACE RD,OCALA,FLORIDA,34476,UNITED STATES
313,Angel Herrera,angel31104@comcast.net,10600 OKEECHOBEE RD,SAINT LUCIE COUNTY,FLORIDA,34950,UNITED STATES
314,Connie Williamson,connie_williamson510@gmail.com,11546 OKEECHOBEE RD,SAINT LUCIE COUNTY,FLORIDA,34950,UNITED STATES
315,Yvette Simmons,ysimmons@gmail.com,11550 OKEECHOBEE RD,SAINT LUCIE COUNTY,FLORIDA,34950,UNITED STATES
316,Victor Robinson,victorr105@comcast.net,11550 OKEECHOBEE RD,SAINT LUCIE COUNTY,FLORIDA,34950,UNITED STATES
317,Rodney Guerrero,rodney107@comcast.net,11580 OKEECHOBEE RD,SAINT LUCIE COUNTY,FLORIDA,34950,UNITED STATES
318,Danielle Alvarado,daniellea56@yahoo.com,6018 SW 112TH PLACE RD,OCALA,FLORIDA,34476,UNITED STATES
319,Michele King,michele_king71@gmail.com,11541 OKEECHOBEE RD,SAINT LUCIE COUNTY,FLORIDA,34950,UNITED STATES
320,Rochelle Perkins,rochelle1734@yahoo.com,3549 ELEVEN MILE RD,SAINT LUCIE COUNTY,FLORIDA,34950,UNITED STATES
321,Tonya Romero,tonya81109@comcast.net,3782 MCCARTY RD,SAINT LUCIE COUNTY,FLORIDA,34950,UNITED STATES
322,Casey Benson,casey_benson105@outlook.com,10707 OKEECHOBEE RD,SAINT LUCIE COUNTY,FLORIDA,34950,UNITED STATES
323,Karl Manning,karlm@gmail.com,3755 MCCARTY RD,SAINT LUCIE COUNTY,FLORIDA,34950,UNITED STATES
324,Walter Mills,walter92@verizon.net,13000 OKEECHOBEE RD,SAINT LUCIE COUNTY,FLORIDA,34950,UNITED STATES
325,Shawna Henry,shawnah@verizon.net,6014 SW 112TH PLACE RD,OCALA,FLORIDA,34476,UNITED STATES
326,Julius Martinez,jmartinez@comcast.net,3440 SHINN RD,SAINT LUCIE COUNTY,FLORIDA,34950,UNITED STATES
327,Veronica Vaughn,veronica_vaughn@verizon.net,6012 SW 112TH PLACE RD,OCALA,FLORIDA,34476,UNITED STATES
328,Arnold Cruz,arnoldc@verizon.net,3501 SHINN RD,SAINT LUCIE COUNTY,FLORIDA,34950,UNITED STATES
329,Joy Jennings,joyj510@comcast.net,13501 OKEECHOBEE RD,SAINT LUCIE COUNTY,FLORIDA,34950,UNITED STATES
330,Opal Guzman,opal_guzman1010@gmail.com,3696 ELEVEN MILE RD,SAINT LUCIE COUNTY,FLORIDA,34950,UNITED STATES
331,Joshua Cross,joshua4788@gmail.com,10780 Muller RD,SAINT LUCIE COUNTY,FLORIDA,34950,UNITED STATES
332,Jessie Frazier,jfrazier310@outlook.com,12000 TWIN CREEKS RD,SAINT LUCIE COUNTY,FLORIDA,34950,UNITED STATES
333,Linda Zimmerman,lzimmerman51@verizon.net,10530 Muller RD,SAINT LUCIE COUNTY,FLORIDA,34950,UNITED STATES
334,Clifford Griffin,cliffordg37@outlook.com,6010 SW 112TH PLACE RD,OCALA,FLORIDA,34476,UNITED STATES
335,Pat Strickland,pats99@gmail.com,4170 MCCARTY RD,SAINT LUCIE COUNTY,FLORIDA,34950,UNITED STATES
336,Gloria Garcia,gloria_garcia28@yahoo.com,11606 TWIN CREEKS DR,SAINT LUCIE COUNTY,FLORIDA,34982,UNITED STATES
337,Kelly Fernandez,kelly23102@verizon.net,4300 MCCARTY RD,SAINT LUCIE COUNTY,FLORIDA,34945,UNITED STATES
338,Mona Vasquez,mona6471@verizon.net,10300 Muller RD,SAINT LUCIE COUNTY,FLORIDA,34950,UNITED STATES
339,Victoria Green,victoriag19@yahoo.com,9750 Muller RD,SAINT LUCIE COUNTY,FLORIDA,34945,UNITED STATES
340,Beulah Olson,bolson@verizon.net,9770 Muller RD,SAINT LUCIE COUNTY,FLORIDA,34945,UNITED STATES
341,Vivian Erickson,verickson64@outlook.com,403 FERNANDINA ST,FORT PIERCE,FLORIDA,34949,UNITED STATES
342,Theodore Mcdonald,theodore21067@outlook.com,430 S OCEAN DR,FORT PIERCE,FLORIDA,34950,UNITED STATES
343,Spencer Wood,swood26@verizon.net,607 N 24th ST,FORT PIERCE,FLORIDA,34950,UNITED STATES
344,Dewey Fitzgerald,dfitzgerald@outlook.com,6004 SW 112TH PLACE RD,OCALA,FLORIDA,34476,UNITED STATES
345,Olga Logan,olga_logan44@yahoo.com,312 S OCEAN DR,FORT PIERCE,FLORIDA,34949,UNITED STATES
346,Hilda Hines,hilda1396@outlook.com,320 S OCEAN DR,FORT PIERCE,FLORIDA,34949,UNITED STATES
347,Jeremiah Gross,jeremiah15@verizon.net,322 S OCEAN DR,FORT PIERCE,FLORIDA,34949,UNITED STATES
348,Alexandra Stone,alexandras29@comcast.net,1920 SEAWAY DR,FORT PIERCE,FLORIDA,34950,UNITED STATES
349,Tyler Welch,tyler_welch48@comcast.net,221 S OCEAN DR,FORT PIERCE,FLORIDA,34949,UNITED STATES
350,Kerry Dean,kerry_dean@verizon.net,351 S OCEAN DR,FORT PIERCE,FLORIDA,34949,UNITED STATES
351,Darren Wade,darrenw106@outlook.com,3505 MURPHY RD,RICHARDSON,TEXAS,75082,UNITED STATES
352,Alton Joseph,alton_joseph84@gmail.com,2412 PHEASANT RUN,MELISSA,TEXAS,75454,UNITED STATES
353,Jody Harvey,jodyh@outlook.com,1108 ROMAN DR,PRINCETON,TEXAS,75407,UNITED STATES
354,Domingo Henderson,domingo28107@outlook.com,7380 ZACHERY DR,FRISCO,TEXAS,75033,UNITED STATES
355,Sylvia Gonzales,sylvia35910@comcast.net,1710 WHITE MOUNTAIN WAY,PRINCETON,TEXAS,75407,UNITED STATES
356,William Morris,williamm@yahoo.com,3916 GRIFBRICK DR,PLANO,TEXAS,75075,UNITED STATES
357,Jesus Hampton,jesus_hampton810@verizon.net,10516 SEXTON DR,MCKINNEY,TEXAS,75072,UNITED STATES
358,Philip Miles,pmiles103@yahoo.com,3613 WELLINGTON PL,PLANO,TEXAS,75075,UNITED STATES
359,Sheila Hart,sheila7786@gmail.com,3506 ELMSTED DR,RICHARDSON,TEXAS,75082,UNITED STATES
360,Leslie Lawson,leslie_lawson88@verizon.net,7005 CHATEAU DR,FRISCO,TEXAS,75035,UNITED STATES
361,Mildred Fuller,mildredf@comcast.net,1756 FIRESIDE DR,PLANO,TEXAS,75074,UNITED STATES
362,Alan Stokes,alan_stokes@gmail.com,2509 BELMONT PL,PLANO,TEXAS,75023,UNITED STATES
363,Miguel Webb,miguel_webb1010@verizon.net,2713 LEAMEADOW DR,PLANO,TEXAS,75075,UNITED STATES
364,Audrey Hanson,ahanson@outlook.com,10180 DRAWBRIDGE DR,FRISCO,TEXAS,75035,UNITED STATES
365,Ian Parks,ian710@outlook.com,3205 OVERLAND DR,PLANO,TEXAS,75023,UNITED STATES
366,Kim Keller,kim_keller72@gmail.com,1114 WYATT EARP DR,ANNA,TEXAS,75409,UNITED STATES
367,Moses Curtis,moses_curtis@outlook.com,6800 WIND ROW DR,MCKINNEY,TEXAS,75070,UNITED STATES
368,Marianne Burton,marianneb@verizon.net,1109 AUGUSTIN DR,PRINCETON,TEXAS,75407,UNITED STATES
369,Matthew Castillo,matthewc62@comcast.net,1300 BENT GRASS DR,PRINCETON,TEXAS,75407,UNITED STATES
370,Rosemary Santos,rosemary8284@comcast.net,5154 COUNTY ROAD 597,FARMERSVILLE,TEXAS,75442,UNITED STATES
371,Monique Hodges,mhodges81@verizon.net,2801 HIDDEN FOREST DR,MCKINNEY,TEXAS,75072,UNITED STATES
372,Edmund Mendez,edmund56@outlook.com,607 WILLIAMS DR,ALLEN,TEXAS,75013,UNITED STATES
373,Angela Cohen,angelac@yahoo.com,4532 TUXFORD CT,PLANO,TEXAS,75093,UNITED STATES
374,Belinda Allison,ballison@yahoo.com,1601 SADDLE RIDGE DR,WYLIE,TEXAS,75098,UNITED STATES
375,Guadalupe Carson,guadalupe_carson@verizon.net,10609 MILL BRG,MCKINNEY,TEXAS,75072,UNITED STATES
376,Hugh Roberson,hugh_roberson26@gmail.com,2807 LINCOLN DR,MELISSA,TEXAS,75454,UNITED STATES
377,Flora Sims,floras@outlook.com,322 CANYON SPRINGS DR,ALLEN,TEXAS,75002,UNITED STATES
378,Dan Drake,dan_drake73@yahoo.com,10213 SAVOY DR,PLANO,TEXAS,75025,UNITED STATES
379,Cornelius Wilkins,cornelius_wilkins91@comcast.net,2509 GLENHAVEN DR,MCKINNEY,TEXAS,75071,UNITED STATES
380,Jimmie Lindsey,jlindsey47@outlook.com,4512 CEDAR CREST DR,MCKINNEY,TEXAS,75070,UNITED STATES
381,Leonard Thornton,lthornton@verizon.net,3525 BREES ST,PLANO,TEXAS,75075,UNITED STATES
382,Kelli Bryant,kelli_bryant76@yahoo.com,5414 HARBOUR RD,RICHARDSON,TEXAS,75082,UNITED STATES
383,Luz Massey,lmassey@gmail.com,11721 CHARLOTTE LN,FRISCO,TEXAS,75035,UNITED STATES
384,Lee Silva,lee93103@gmail.com,502 N OHIO ST,CELINA,TEXAS,75009,UNITED STATES
385,May Black,may_black68@outlook.com,9799 CARRIAGE HILL LN,FRISCO,TEXAS,75035,UNITED STATES
386,Peggy Scott,pscott105@verizon.net,4520 REFUGIO DR,PLANO,TEXAS,75024,UNITED STATES
387,Wm Stanley,wm65@outlook.com,12309 MURRAY LN,FRISCO,TEXAS,75035,UNITED STATES
388,Harriet Snyder,harriet15@verizon.net,3417 LAUREL LN,PLANO,TEXAS,75074,UNITED STATES
389,Marcos Norman,marcos13@verizon.net,6709 SPOKANE PL,PLANO,TEXAS,75023,UNITED STATES
390,Ollie Cooper,ocooper53@gmail.com,2022 WROTHAM LN,ALLEN,TEXAS,75013,UNITED STATES
391,Loreno Manza,loreno_manza@outlook.com,8 VIA DELLE FONTI,BOLOGNA,EMILIA-ROMAGNA,40128,ITALY
392,Serafino Repetti,srepetti@comcast.net,77 VIA DELL'ARCOVEGGIO,BOLOGNA,EMILIA-ROMAGNA,40129,ITALY
393,Ottaviano Colandrea,ocolandrea73@comcast.net,19 VIA GIULIO VERNE,BOLOGNA,EMILIA-ROMAGNA,40128,ITALY
394,Moreno Latessa,moreno_latessa@verizon.net,64 VIA CRISTOFORO COLOMBO,BOLOGNA,EMILIA-ROMAGNA,40128,ITALY
395,Divo Certo,divo_certo67@verizon.net,16 VIA GENUZIO BENTINI,BOLOGNA,EMILIA-ROMAGNA,40128,ITALY
396,Adelfo Di Perna,adi47@gmail.com,14 VIA GENUZIO BENTINI,BOLOGNA,EMILIA-ROMAGNA,40128,ITALY
397,Donatello D'Imperio,donatellod76@outlook.com,62 VIA CRISTOFORO COLOMBO,BOLOGNA,EMILIA-ROMAGNA,40128,ITALY
398,Gallicano Scalia,gallicanos38@comcast.net,19 VIA DELLE FONTI,BOLOGNA,EMILIA-ROMAGNA,40128,ITALY
399,Amabile Bucaro,amabile22101@gmail.com,1 VIA AMILCARE BORTOLOTTI,BOLOGNA,EMILIA-ROMAGNA,40128,ITALY
400,Bortolo Simonini,bortolo7581@outlook.com,3 VIA AMILCARE BORTOLOTTI,BOLOGNA,EMILIA-ROMAGNA,40128,ITALY
