// ID,lasename,firstname,email,addr_line1,city,province,zip_code,country
1,Newman,Ben,ben_newman73@comcast.net,570 BIRR ST,ROCHESTER,NEW YORK,14613,UNITED STATES
2,Curry,Tony,tcurry@verizon.net,592 BIRR ST,ROCHESTER,NEW YORK,14613,UNITED STATES
3,Maldonado,Damon,damon_maldonado63@gmail.com,1 BURKE TER,ROCHESTER,NEW YORK,14613,UNITED STATES
4,Sparks,Mike,msparks41@gmail.com,35 BEACH ST,ROCHESTER,NEW YORK,14621,UNITED STATES
5,Lloyd,Desiree,desiree310@verizon.net,1046 DEWEY AV,ROCHESTER,NEW YORK,14613,UNITED STATES
6,Padilla,Katherine,kpadilla102@comcast.net,83 RAINES PK,ROCHESTER,NEW YORK,14613,UNITED STATES
7,Bush,Floyd,floyd_bush55@yahoo.com,19 JEWEL ST,ROCHESTER,NEW YORK,14621,UNITED STATES
8,Flores,Nicholas,nicholas10195@gmail.com,1538 ST PAUL ST,ROCHESTER,NEW YORK,14621,UNITED STATES
9,Hansen,Jerry,jerry_hansen@yahoo.com,259 BIDWELL TER,ROCHESTER,NEW YORK,14613,UNITED STATES
10,Harris,Kelly,kharris@gmail.com,178 ARGO PK,ROCHESTER,NEW YORK,14613,UNITED STATES
11,Perry,Hugo,hugop97@verizon.net,247 PIERPONT ST,ROCHESTER,NEW YORK,14613,UNITED STATES
12,Burns,Fernando,fernando10236@gmail.com,48 SARANAC ST,ROCHESTER,NEW YORK,14621,UNITED STATES
13,Marshall,Ida,ida_marshall13@verizon.net,251 LARK ST,ROCHESTER,NEW YORK,14613,UNITED STATES
14,Palmer,Darryl,darryl78@comcast.net,167 ARGO PK,ROCHESTER,NEW YORK,14613,UNITED STATES
15,Blake,Sonja,sonja_blake103@outlook.com,56 SARANAC ST,ROCHESTER,NEW YORK,14621,UNITED STATES
16,Jimenez,Bobbie,bobbiej37@outlook.com,241 LARK ST,ROCHESTER,NEW YORK,14613,UNITED STATES
17,Figueroa,Robert,robert_figueroa@yahoo.com,165 DOVE ST,ROCHESTER,NEW YORK,14613,UNITED STATES
18,Kennedy,Grady,gkennedy17@yahoo.com,97 BRYAN ST,ROCHESTER,NEW YORK,14613,UNITED STATES
19,Fitzgerald,Holly,hollyf26@gmail.com,117 BRYAN ST,ROCHESTER,NEW YORK,14613,UNITED STATES
20,Brooks,Marguerite,margueriteb22@verizon.net,123 BRYAN ST,ROCHESTER,NEW YORK,14613,UNITED STATES
21,Gilbert,Jaime,jgilbert36@outlook.com,173 BRYAN ST,ROCHESTER,NEW YORK,14613,UNITED STATES
22,Jones,Wilma,wilma_jones@comcast.net,205 BRYAN ST,ROCHESTER,NEW YORK,14613,UNITED STATES
23,Cross,Elias,ecross87@outlook.com,251 BRYAN ST,ROCHESTER,NEW YORK,14613,UNITED STATES
24,Dawson,Loren,lorend18@comcast.net,161 DOVE ST,ROCHESTER,NEW YORK,14613,UNITED STATES
25,Daniel,Yvette,ydaniel@outlook.com,1516 ST PAUL ST,ROCHESTER,NEW YORK,14621,UNITED STATES
26,Mccoy,Laurie,laurie64@comcast.net,239 BIDWELL TER,ROCHESTER,NEW YORK,14613,UNITED STATES
27,Richards,Yolanda,yolanda10946@verizon.net,10 FAIRVIEW HGTS,ROCHESTER,NEW YORK,14613,UNITED STATES
28,Sherman,Ignacio,ignacio7725@comcast.net,25 SARANAC ST,ROCHESTER,NEW YORK,14621,UNITED STATES
29,Martinez,Alice,amartinez@yahoo.com,33 SARANAC ST,ROCHESTER,NEW YORK,14621,UNITED STATES
30,Robbins,Claude,claude_robbins77@outlook.com,231 LARK ST,ROCHESTER,NEW YORK,14613,UNITED STATES
31,Alexander,Irvin,irvin106@gmail.com,156 DOVE ST,ROCHESTER,NEW YORK,14613,UNITED STATES
32,Price,Jo,jo8146@outlook.com,14 LAKEVIEW TER,ROCHESTER,NEW YORK,14613,UNITED STATES
33,Weaver,Brenda,brendaw110@comcast.net,141 ARGO PK,ROCHESTER,NEW YORK,14613,UNITED STATES
34,Manning,Ron,ronm@outlook.com,225 BIDWELL TER,ROCHESTER,NEW YORK,14613,UNITED STATES
35,Simon,Glenn,glenns@comcast.net,128 KISLINGBURY ST,ROCHESTER,NEW YORK,14613,UNITED STATES
36,Stewart,Hugh,hughs88@verizon.net,146 ARGO PK,ROCHESTER,NEW YORK,14613,UNITED STATES
37,Mathis,Mable,mable_mathis@comcast.net,13 LAKEVIEW TER,ROCHESTER,NEW YORK,14613,UNITED STATES
38,Larson,Ashley,ashley_larson31@outlook.com,16 NORTHVIEW TER,ROCHESTER,NEW YORK,14621,UNITED STATES
39,Simpson,Tyler,tsimpson58@verizon.net,224 KISLINGBURY ST,ROCHESTER,NEW YORK,14613,UNITED STATES
40,Bell,Nelson,nbell@comcast.net,219 LARK ST,ROCHESTER,NEW YORK,14613,UNITED STATES
41,Hammond,Olive,olive_hammond82@verizon.net,142 DOVE ST,ROCHESTER,NEW YORK,14613,UNITED STATES
42,Wong,Lela,lela41026@yahoo.com,38 NORTHVIEW TER,ROCHESTER,NEW YORK,14621,UNITED STATES
43,Maxwell,Leonard,leonard86@comcast.net,459 BEACH AV,ROCHESTER,NEW YORK,14612,UNITED STATES
44,Patterson,Chris,chris_patterson11@yahoo.com,129 MERIDEN ST,ROCHESTER,NEW YORK,14612,UNITED STATES
45,Romero,Clifford,cliffordr@comcast.net,188 BEACH AV,ROCHESTER,NEW YORK,14612,UNITED STATES
46,Mckinney,Thomas,tmckinney37@gmail.com,91 HENLEY ST,ROCHESTER,NEW YORK,14612,UNITED STATES
47,Pittman,Jan,jpittman@comcast.net,33 CORRIGAN ST,ROCHESTER,NEW YORK,14612,UNITED STATES
48,Anderson,Carroll,carroll610210@verizon.net,36 HINCHER ST,ROCHESTER,NEW YORK,14612,UNITED STATES
49,Mann,Della,della_mann@gmail.com,69 HINCHER ST,ROCHESTER,NEW YORK,14612,UNITED STATES
50,Howell,Emilio,emilioh45@comcast.net,4731 LAKE AV,ROCHESTER,NEW YORK,14612,UNITED STATES
51,Miles,Margaret,margaretm1010@gmail.com,560 5 AVE,NEW YORK CITY,NEW YORK,10036,UNITED STATES
52,Mendoza,Lynne,lynne_mendoza@gmail.com,25 COLUMBIA HTS,NEW YORK CITY,NEW YORK,11201,UNITED STATES
53,Campbell,Sonia,soniac@outlook.com,1903 FLUSHING AVE,NEW YORK CITY,NEW YORK,11385,UNITED STATES
54,Estrada,Peggy,peggy_estrada@comcast.net,205 W  END AVE,NEW YORK CITY,NEW YORK,10023,UNITED STATES
55,Gibbs,Hazel,hazelg94@gmail.com,3205 ARLINGTON AVE,NEW YORK CITY,NEW YORK,10463,UNITED STATES
56,Roberson,Leroy,lroberson@comcast.net,2130 HARMAN ST,NEW YORK CITY,NEW YORK,11385,UNITED STATES
57,Fowler,Forrest,ffowler15@gmail.com,2094 BARTOW AVE,NEW YORK CITY,NEW YORK,10475,UNITED STATES
58,Porter,Christy,christy92@outlook.com,2098 BARTOW AVE,NEW YORK CITY,NEW YORK,10475,UNITED STATES
59,Tucker,Margarita,margaritat@outlook.com,2130 BARTOW AVE,NEW YORK CITY,NEW YORK,10475,UNITED STATES
60,Adams,Gloria,gloria17@comcast.net,739 BROOK AVE,NEW YORK CITY,NEW YORK,10451,UNITED STATES
61,Rose,Clayton,crose110@outlook.com,866 E  165 ST,NEW YORK CITY,NEW YORK,10459,UNITED STATES
62,Evans,Jeffrey,jeffrey_evans88@verizon.net,1926 CROTONA PKWY,NEW YORK CITY,NEW YORK,10460,UNITED STATES
63,Scott,Cecilia,cscott89@verizon.net,260 RIVERSIDE DR,NEW YORK CITY,NEW YORK,10025,UNITED STATES
64,Schmidt,Neal,neals11@yahoo.com,560 CONCORD AVE,NEW YORK CITY,NEW YORK,10455,UNITED STATES
65,Floyd,Clyde,cfloyd@comcast.net,2123 AVE T,NEW YORK CITY,NEW YORK,11229,UNITED STATES
66,Caldwell,Dixie,dixiec@gmail.com,759 ST ANNS AVE,NEW YORK CITY,NEW YORK,10451,UNITED STATES
67,Clayton,Doyle,doyle75@gmail.com,50 RIVERSIDE DR,NEW YORK CITY,NEW YORK,10024,UNITED STATES
68,Carson,Adam,adamc@yahoo.com,14 VAN DER LINN ST,NEW YORK CITY,NEW YORK,11414,UNITED STATES
69,Byrd,Marc,marc_byrd610@verizon.net,2800 VICTORY BLVD,NEW YORK CITY,NEW YORK,10314,UNITED STATES
70,Munoz,Sally,smunoz@yahoo.com,2800 VICTORY BLVD,NEW YORK CITY,NEW YORK,10314,UNITED STATES
71,Zimmerman,Chelsea,czimmerman65@gmail.com,538 VANDERBILT AVE,NEW YORK CITY,NEW YORK,10304,UNITED STATES
72,Schultz,Todd,todd14@comcast.net,1130 5 AVE,NEW YORK CITY,NEW YORK,10128,UNITED STATES
73,Dennis,Terrence,terrence_dennis27@yahoo.com,755 ST ANNS AVE,NEW YORK CITY,NEW YORK,10451,UNITED STATES
74,Davis,Leslie,leslied@yahoo.com,4655 ARLINGTON AVE,NEW YORK CITY,NEW YORK,10471,UNITED STATES
75,Washington,Jody,jody_washington33@verizon.net,760 PARK AVE,NEW YORK CITY,NEW YORK,10021,UNITED STATES
76,Valdez,Mattie,mattie_valdez13@verizon.net,701 PARK AVE,NEW YORK CITY,NEW YORK,10021,UNITED STATES
77,Reese,William,william_reese83@yahoo.com,960 PARK AVE,NEW YORK CITY,NEW YORK,10028,UNITED STATES
78,Page,Darnell,dpage31@gmail.com,350 LEXINGTON AVE,NEW YORK CITY,NEW YORK,10016,UNITED STATES
79,Frank,Tracey,tracey_frank@verizon.net,753 ST ANNS AVE,NEW YORK CITY,NEW YORK,10451,UNITED STATES
80,Rogers,Nina,nina_rogers73@outlook.com,755 ST ANNS AVE,NEW YORK CITY,NEW YORK,10451,UNITED STATES
81,Hardy,Faye,fayeh87@comcast.net,749 ST ANNS AVE,NEW YORK CITY,NEW YORK,10451,UNITED STATES
82,Johnston,Lois,loisj15@yahoo.com,233 MADISON AVE,NEW YORK CITY,NEW YORK,10016,UNITED STATES
83,Bradley,Edwin,ebradley74@verizon.net,67 PARK AVE,NEW YORK CITY,NEW YORK,10016,UNITED STATES
84,Peters,Marco,mpeters110@verizon.net,1015 PARK AVE,NEW YORK CITY,NEW YORK,10028,UNITED STATES
85,Chapman,Lucia,luciac76@outlook.com,327 CENTRAL PARK   W,NEW YORK CITY,NEW YORK,10025,UNITED STATES
86,Morris,Fred,fred_morris@gmail.com,1010 5 AVE,NEW YORK CITY,NEW YORK,10028,UNITED STATES
87,Summers,Isabel,isabel_summers59@verizon.net,16 PARK AVE,NEW YORK CITY,NEW YORK,10016,UNITED STATES
88,Collins,Monica,monica_collins52@outlook.com,1160 PARK AVE,NEW YORK CITY,NEW YORK,10128,UNITED STATES
89,Walsh,Tricia,tricia_walsh@comcast.net,969 5 AVE,NEW YORK CITY,NEW YORK,10075,UNITED STATES
90,Woods,Emily,emilyw83@gmail.com,27 MADISON AVE,NEW YORK CITY,NEW YORK,10010,UNITED STATES
91,Underwood,Violet,violet_underwood@comcast.net,1109 5 AVE,NEW YORK CITY,NEW YORK,10128,UNITED STATES
92,Chambers,Maryann,maryann93@yahoo.com,1060 5 AVE,NEW YORK CITY,NEW YORK,10128,UNITED STATES
93,Sullivan,Joel,joels@outlook.com,195 ST JOHNS AVE,NEW YORK CITY,NEW YORK,10305,UNITED STATES
94,Rowe,Gwendolyn,gwendolynr@outlook.com,50 PARK AVE,NEW YORK CITY,NEW YORK,10016,UNITED STATES
95,Mcguire,Wilbert,wilbert106@yahoo.com,50 PARK AVE,NEW YORK CITY,NEW YORK,10016,UNITED STATES
96,Cohen,Charlotte,charlottec@outlook.com,777 W END AVE,NEW YORK CITY,NEW YORK,10025,UNITED STATES
97,Sanders,Kevin,kevin42@comcast.net,1 SUTTON PL,NEW YORK CITY,NEW YORK,10022,UNITED STATES
98,Delgado,Loretta,loretta_delgado210@yahoo.com,70 E 167 ST,NEW YORK CITY,NEW YORK,10452,UNITED STATES
99,Singleton,Heidi,heidi1348@verizon.net,940 PARK AVE,NEW YORK CITY,NEW YORK,10028,UNITED STATES
100,Hoffman,Heather,heather_hoffman93@gmail.com,907 5 AVE,NEW YORK CITY,NEW YORK,10021,UNITED STATES
101,Mclaughlin,Harry,harrym92@outlook.com,16 GERMAIN ST,BURLINGTON,VERMONT,05401,UNITED STATES
102,Reynolds,Madeline,mreynolds93@comcast.net,0 W THOMAS RD,LUNENBURG,VERMONT,05906,UNITED STATES
103,Hoffman,Drew,dhoffman610@comcast.net,0 KINGSLAND TER,BURLINGTON,VERMONT,05401,UNITED STATES
104,Perkins,Natalie,nataliep910@yahoo.com,702 VT ROUTE 12,HARTLAND,VERMONT,05091,UNITED STATES
105,Wade,Wesley,wesleyw@outlook.com,136 BELLEVUE AVE,RUTLAND CITY,VERMONT,05701,UNITED STATES
106,Saunders,Earl,earl3379@gmail.com,51 S MAIN ST,NORTHFIELD,VERMONT,05663,UNITED STATES
107,Gibbs,Ebony,ebony_gibbs41@outlook.com,135 DEPOT ST,MANCHESTER,VERMONT,05255,UNITED STATES
108,Montgomery,Rick,rick_montgomery45@gmail.com,497 GREAT HAWK RD,ROCHESTER,VERMONT,05767,UNITED STATES
109,Joseph,Dorothy,dorothyj@yahoo.com,7 HUNT ST,FAIRFAX,VERMONT,05454,UNITED STATES
110,Abbott,Genevieve,genevieve_abbott27@outlook.com,36 MAIN ST,SPRINGFIELD,VERMONT,05156,UNITED STATES
111,Wolfe,Leslie,leslie2697@comcast.net,45 GRANITE ST,BARRE CITY,VERMONT,05641,UNITED STATES
112,Mack,Devin,dmack@yahoo.com,4945 VT ROUTE 113,THETFORD,VERMONT,05075,UNITED STATES
113,Simmons,Kristi,kristi_simmons15@comcast.net,122 ADAMS SCHOOL RD,GRAND ISLE,VERMONT,05458,UNITED STATES
114,Willis,Chad,chadw23@comcast.net,4 CHERRY TREE CT,SAINT ALBANS CITY,VERMONT,05478,UNITED STATES
115,Ball,Flora,flora2942@verizon.net,5 PLEASANT ST,SAXTONS RIVER,VERMONT,05154,UNITED STATES
116,Pittman,Naomi,npittman41@comcast.net,119 HASTINGS MEADOW LN,WAITSFIELD,VERMONT,05673,UNITED STATES
117,Lawrence,Lillian,lillian46910@verizon.net,37 HINTON HILL RD,WESTMORE,VERMONT,05860,UNITED STATES
118,Berry,Marlon,marlon_berry26@outlook.com,611 POND HILL RD,LUNENBURG,VERMONT,05906,UNITED STATES
119,Newton,Dominic,dominicn85@verizon.net,274 COLLEGE ST,BURLINGTON,VERMONT,05401,UNITED STATES
120,Miles,Sergio,sergio_miles@yahoo.com,202 RIVER RD S,PUTNEY,VERMONT,05346,UNITED STATES
121,Gordon,Derek,derekg68@yahoo.com,75 BELLE FRED DR,RANDOLPH,VERMONT,05060,UNITED STATES
122,Moss,Viola,violam710@comcast.net,3413 LAKEVIEW DR,NORTH HERO,VERMONT,05474,UNITED STATES
123,Tran,Ryan,rtran@comcast.net,0 COBURN HILL RD,CRAFTSBURY,VERMONT,05826,UNITED STATES
124,Myers,Bradford,bradfordm@verizon.net,78 RANDOLPH RD,HIGHGATE,VERMONT,05488,UNITED STATES
125,Sparks,Luz,lsparks@gmail.com,278 LAKE RD,MILTON,VERMONT,05468,UNITED STATES
126,Ross,Melba,mross@yahoo.com,92 WESTWOOD PKWY,BARRE CITY,VERMONT,05641,UNITED STATES
127,Hamilton,Billy,billy_hamilton55@gmail.com,339 REYNOLDS RD,FLETCHER,VERMONT,05444,UNITED STATES
128,Reeves,Randolph,rreeves@gmail.com,768 FLAT ROCK RD,CHARLOTTE,VERMONT,05445,UNITED STATES
129,Warner,Tanya,tanya_warner@yahoo.com,12 DEWEY PL,SOUTH BURLINGTON,VERMONT,05403,UNITED STATES
130,Lowe,Shelly,shelly_lowe84@verizon.net,131 WOODLAND RD,VERNON,VERMONT,05354,UNITED STATES
131,Cook,Lynette,lynette_cook@yahoo.com,0 W JAMAICA RD,JAMAICA,VERMONT,05343,UNITED STATES
132,Fernandez,Erika,efernandez@gmail.com,172 GREY BIRCH DR,COLCHESTER,VERMONT,05446,UNITED STATES
133,Norris,Sherri,sherri_norris@gmail.com,2 WHITE BIRCHES MHP,BENNINGTON,VERMONT,05201,UNITED STATES
134,Wagner,Kristin,kristinw104@comcast.net,133 MAPLE ST,CAMBRIDGE,VERMONT,05464,UNITED STATES
135,Mason,Randal,randalm33@verizon.net,471 CENTER POND RD,NEWARK,VERMONT,05871,UNITED STATES
136,Rose,Darren,darrenr@gmail.com,36 SUNRISE DR,SOUTH HERO,VERMONT,05486,UNITED STATES
137,Ortiz,Jessica,jessica_ortiz81@yahoo.com,536 SUNSET LN W,HINESBURG,VERMONT,05461,UNITED STATES
138,Salazar,Andrew,andrew410@outlook.com,202 HIDDEN LAKE RD,MARLBORO,VERMONT,05301,UNITED STATES
139,Chambers,Sylvester,sylvester_chambers41@outlook.com,3542 TICEHURST RD,BROWNINGTON,VERMONT,05860,UNITED STATES
140,Byrd,Delia,delia_byrd@yahoo.com,17 S MEADOW DR,BURLINGTON,VERMONT,05401,UNITED STATES
141,Hunt,Elizabeth,elizabeth46@outlook.com,1401 SNAKE RD,NEWBURY,VERMONT,05051,UNITED STATES
142,Herrera,Jeanette,jeanette73610@yahoo.com,1529 BRONSON RD,SAINT ALBANS TOWN,VERMONT,05478,UNITED STATES
143,Carroll,Johnnie,johnnie_carroll74@gmail.com,665 OWLSHEAD MOUNTAIN RD,WATERBURY,VERMONT,05676,UNITED STATES
144,Aguilar,Vicki,vickia@yahoo.com,245 OWEN CT,MILTON,VERMONT,05468,UNITED STATES
145,Clayton,Claudia,claudia44101@gmail.com,138 CRAB APPLE RDG,RANDOLPH,VERMONT,05060,UNITED STATES
146,Carr,Barbara,barbara_carr79@gmail.com,55 JANES RD,SWANTON,VERMONT,05488,UNITED STATES
147,Nelson,Alexis,alexis_nelson@gmail.com,349 GEORGES BLVD,EAST HAVEN,VERMONT,05837,UNITED STATES
148,Gonzalez,Bobby,bgonzalez1010@verizon.net,9471 MAIN RD,HUNTINGTON,VERMONT,05462,UNITED STATES
149,Howell,Eloise,eloise1010@outlook.com,569 CAMPBELL RD,IRASBURG,VERMONT,05845,UNITED STATES
150,Murphy,Antonia,amurphy83@gmail.com,59 RIVER ST,WINOOSKI,VERMONT,05404,UNITED STATES
151,Buchanan,Julian,julianb76@yahoo.com,421 S Boyle Ave,Los Angeles,CALIFORNIA,90033,UNITED STATES
152,Cain,Kathryn,kcain@yahoo.com,228 W 231st St,Carson,CALIFORNIA,90745,UNITED STATES
153,Manning,Gladys,gladysm@comcast.net,15531 Brayton St,Paramount,CALIFORNIA,90723,UNITED STATES
154,Duncan,Jimmie,jimmie41083@yahoo.com,1524 N Valley St,Burbank,CALIFORNIA,91505,UNITED STATES
155,Obrien,Jan,jano13@comcast.net,23815 Fulmar Ave,Torrance,CALIFORNIA,90501,UNITED STATES
156,Jennings,Hazel,hazel69@verizon.net,629 Crestmoore Pl,Venice,CALIFORNIA,90291,UNITED STATES
157,Butler,Annie,abutler57@outlook.com,9953 Maude Ave,Sunland,CALIFORNIA,91040,UNITED STATES
158,Hubbard,Gordon,gordon_hubbard@yahoo.com,1702 West Blvd,Los Angeles,CALIFORNIA,90019,UNITED STATES
159,Brock,Doug,doug_brock@verizon.net,920 E Hill St,Long Beach,CALIFORNIA,90806,UNITED STATES
160,Drake,Stella,stella1552@verizon.net,9326 Deering Ave,Chatsworth,CALIFORNIA,91311,UNITED STATES
161,Olson,Hugo,hugo_olson@verizon.net,516 S Avenue 19,Los Angeles,CALIFORNIA,90031,UNITED STATES
162,Pearson,Miriam,miriam7154@yahoo.com,16373 Denley St,Hacienda Heights,CALIFORNIA,91745,UNITED STATES
163,Pope,Marian,marian81@comcast.net,12232 186th St,Artesia,CALIFORNIA,90701,UNITED STATES
164,Burke,Jennifer,jenniferb@outlook.com,4502 Conquista Ave,Lakewood,CALIFORNIA,90713,UNITED STATES
165,Stevenson,Katherine,katherines@yahoo.com,602 Quincy Ave,Long Beach,CALIFORNIA,90814,UNITED STATES
166,Sandoval,Moses,moses103@gmail.com,13421 S Shoup Ave,Hawthorne,CALIFORNIA,90250,UNITED STATES
167,Palmer,Floyd,floyd7681@yahoo.com,2193 Caspian Ave,Long Beach,CALIFORNIA,90810,UNITED STATES
168,Barton,Emilio,emiliob@comcast.net,10829 Hopland St,Norwalk,CALIFORNIA,90650,UNITED STATES
169,Baker,Marcia,marcia73@gmail.com,2324 Ashland Ave,Santa Monica,CALIFORNIA,90405,UNITED STATES
170,Patton,Katrina,katrina_patton101@comcast.net,7631 Yates St,Tujunga,CALIFORNIA,91042,UNITED STATES
171,Garcia,Glenn,ggarcia@comcast.net,26638 Country Creek Ln,Calabasas,CALIFORNIA,91302,UNITED STATES
172,Garza,Frances,frances77103@outlook.com,2910 Neilson Wy,Santa Monica,CALIFORNIA,90405,UNITED STATES
173,Meyer,Marshall,marshallm28@comcast.net,36815 Alder St,Palmdale,CALIFORNIA,93552,UNITED STATES
174,Thornton,Ron,ront77@outlook.com,14342 Valeda Dr,La Mirada,CALIFORNIA,90638,UNITED STATES
175,Terry,Kelly,kelly88210@yahoo.com,4437 Eagle Rock Blvd,Los Angeles,CALIFORNIA,90041,UNITED STATES
176,Hampton,Shirley,shirley810@comcast.net,2317 Mantis Ave,San Pedro,CALIFORNIA,90732,UNITED STATES
177,James,Alicia,aliciaj@outlook.com,2940 W Avenue 37,Los Angeles,CALIFORNIA,90065,UNITED STATES
178,Logan,Courtney,courtneyl@yahoo.com,7025 Chimineas Ave,Reseda,CALIFORNIA,91335,UNITED STATES
179,Lloyd,Irvin,illoyd31@yahoo.com,10544 Whitegate Ave,Sunland,CALIFORNIA,91040,UNITED STATES
180,Peters,Clyde,clydep@verizon.net,11846 Rimrock Dr,La Mirada,CALIFORNIA,90638,UNITED STATES
181,Patrick,Richard,richardp97@verizon.net,601 E Algrove St,Covina,CALIFORNIA,91723,UNITED STATES
182,Harris,Carroll,carrollh64@gmail.com,12001 Millennium Park Ct,Hawthorne,CALIFORNIA,90250,UNITED STATES
183,Pena,Josephine,josephinep@gmail.com,12508 Maidstone Ave,Norwalk,CALIFORNIA,90650,UNITED STATES
184,Martin,Rogelio,rogeliom33@outlook.com,1012 Geranio Dr,Alhambra,CALIFORNIA,91801,UNITED STATES
185,Mathis,Celia,celia_mathis@yahoo.com,642 S Donna Beth Ave,West Covina,CALIFORNIA,91791,UNITED STATES
186,Weaver,Eva,eva_weaver19@outlook.com,3023 Future St,Los Angeles,CALIFORNIA,90065,UNITED STATES
187,Mccoy,Tina,tmccoy105@gmail.com,3202 Los Feliz Blvd,Los Angeles,CALIFORNIA,90039,UNITED STATES
188,Medina,Chester,chester_medina@verizon.net,6251 Willowcrest Ave,North Hollywood,CALIFORNIA,91606,UNITED STATES
189,Hogan,Alexander,alexander61031@outlook.com,2317 E Cesar E Chavez Ave,Los Angeles,CALIFORNIA,90033,UNITED STATES
190,Parsons,Marion,marionp@outlook.com,2926 E Chevy Chase Dr,Glendale,CALIFORNIA,91206,UNITED STATES
191,Carter,Angela,angela2582@yahoo.com,16807 Via La Costa,Pacific Palisades,CALIFORNIA,90272,UNITED STATES
192,Roberson,Lorenzo,lroberson76@outlook.com,1109 S Del Mar Ave,San Gabriel,CALIFORNIA,91776,UNITED STATES
193,Estrada,Jenny,jenny310@outlook.com,8914 Hooper Ave,Los Angeles,CALIFORNIA,90002,UNITED STATES
194,Torres,Rex,rex21@comcast.net,11386 Dona Dorotea Dr,Studio City,CALIFORNIA,91604,UNITED STATES
195,Jackson,Lamar,ljackson97@comcast.net,1800 N Lake Ave,Pasadena,CALIFORNIA,91104,UNITED STATES
196,Gardner,Rudy,rudy_gardner510@comcast.net,6038 King Ave,Maywood,CALIFORNIA,90270,UNITED STATES
197,Kennedy,Laura,laura_kennedy74@yahoo.com,4721 Louise Ave,Encino,CALIFORNIA,91316,UNITED STATES
198,Bates,Estelle,estelle_bates@gmail.com,9000 Tujunga Canyon Blvd,Tujunga,CALIFORNIA,91042,UNITED STATES
199,Vasquez,Brandy,brandy17@comcast.net,240 W Verdugo Ave,Burbank,CALIFORNIA,91502,UNITED STATES
200,Brady,Joel,jbrady@yahoo.com,16631 Nanberry Rd,Encino,CALIFORNIA,91436,UNITED STATES
201,Todd,Alfredo,alfredot39@outlook.com,570 E 400 NORTH RD,HERRICK,ILLINOIS,62431,UNITED STATES
202,Poole,Joe,joe_poole@verizon.net,71 N 700 EAST RD,HERRICK,ILLINOIS,62431,UNITED STATES
203,Alvarez,Glenda,glendaa65@gmail.com,753 E 225 NORTH RD,HERRICK,ILLINOIS,62431,UNITED STATES
204,Garza,Emmett,emmettg76@outlook.com,647 N 600 EAST RD,HERRICK,ILLINOIS,62431,UNITED STATES
205,Hodges,Teri,teri710@gmail.com,32 N 600 EAST RD,HERRICK,ILLINOIS,62431,UNITED STATES
206,Hunt,Trevor,trevorh45@verizon.net,163 N 700 EAST RD,HERRICK,ILLINOIS,62431,UNITED STATES
207,Baker,Ginger,gbaker210@yahoo.com,696 E 300 NORTH RD,HERRICK,ILLINOIS,62431,UNITED STATES
208,Rhodes,Eunice,erhodes76@comcast.net,499 N 500 EAST RD,HERRICK,ILLINOIS,62431,UNITED STATES
209,Mckinney,Gwen,gwenm@yahoo.com,117 N 1080 EAST RD,HERRICK,ILLINOIS,62431,UNITED STATES
210,Smith,Christy,christys@verizon.net,424 N 1000 EAST RD,HERRICK,ILLINOIS,62431,UNITED STATES
211,Mcdaniel,Luz,lmcdaniel79@outlook.com,1013 E 400 NORTH RD,HERRICK,ILLINOIS,62431,UNITED STATES
212,Mccarthy,Wanda,wmccarthy@yahoo.com,500 E 500 NORTH RD,HERRICK,ILLINOIS,62431,UNITED STATES
213,Matthews,Rita,rita_matthews@gmail.com,2464 N 2175 EAST RD,BETHANY,ILLINOIS,61914,UNITED STATES
214,Morris,Cecilia,cecilia9784@verizon.net,2443 N 2050 EAST RD,BETHANY,ILLINOIS,61914,UNITED STATES
215,French,Andres,andresf@outlook.com,2400 N 2050 EAST RD,BETHANY,ILLINOIS,61914,UNITED STATES
216,Knight,Beverly,beverlyk19@outlook.com,2404 N 2050 EAST RD,BETHANY,ILLINOIS,61914,UNITED STATES
217,Francis,Tricia,tricia_francis104@gmail.com,2420 N 2050 EAST RD,BETHANY,ILLINOIS,61914,UNITED STATES
218,Green,Linda,lgreen@outlook.com,2079 E 2475 NORTH RD,BETHANY,ILLINOIS,61914,UNITED STATES
219,Wheeler,Rosemarie,rosemarie13@comcast.net,2069 E 2475 NORTH RD,BETHANY,ILLINOIS,61914,UNITED STATES
220,Williams,Garry,gwilliams12@gmail.com,2067 E 2475 NORTH RD,BETHANY,ILLINOIS,61914,UNITED STATES
221,Norris,Tracey,tracey_norris@verizon.net,2480 N 2050 EAST RD,BETHANY,ILLINOIS,61914,UNITED STATES
222,Welch,Mona,mona_welch910@comcast.net,2053 E 2475 NORTH RD,BETHANY,ILLINOIS,61914,UNITED STATES
223,Massey,Willis,willis3388@comcast.net,2493 N 2050 EAST RD,BETHANY,ILLINOIS,61914,UNITED STATES
224,Warren,Jack,jackw85@outlook.com,1760 COUNTY HIGHWAY 21,BETHANY,ILLINOIS,61914,UNITED STATES
225,Bowers,Hilda,hilda21073@yahoo.com,1700 COUNTY HIGHWAY 21,BETHANY,ILLINOIS,61914,UNITED STATES
226,Brock,Rachael,rachael_brock@yahoo.com,2991 COUNTY HIGHWAY 1,BETHANY,ILLINOIS,61914,UNITED STATES
227,Maldonado,Dixie,dmaldonado@comcast.net,1738 E 3000 NORTH RD,BETHANY,ILLINOIS,61914,UNITED STATES
228,Little,Vicki,vlittle64@outlook.com,1680 E 3000 NORTH RD,BETHANY,ILLINOIS,61914,UNITED STATES
229,Ross,Johnny,johnny41047@gmail.com,2437 N 1700 EAST RD,BETHANY,ILLINOIS,61914,UNITED STATES
230,Martinez,Jimmy,jimmy96@comcast.net,1704 E 2500 NORTH RD,BETHANY,ILLINOIS,61914,UNITED STATES
231,Bryan,Eugene,ebryan61@outlook.com,2567 STATE HIGHWAY 128,BETHANY,ILLINOIS,61914,UNITED STATES
232,Summers,Bobby,bsummers69@verizon.net,1741 E 2500 NORTH RD,BETHANY,ILLINOIS,61914,UNITED STATES
233,Ortiz,Charlie,cortiz@outlook.com,2517 STATE HIGHWAY 128,BETHANY,ILLINOIS,61914,UNITED STATES
234,Carroll,Sonia,soniac53@gmail.com,2759 STATE HIGHWAY 128,BETHANY,ILLINOIS,61914,UNITED STATES
235,Shaw,Marc,marc8821@comcast.net,2747 STATE HIGHWAY 128,BETHANY,ILLINOIS,61914,UNITED STATES
236,Washington,Sean,sean73@gmail.com,2858 N 1700 EAST RD,BETHANY,ILLINOIS,61914,UNITED STATES
237,Lindsey,Nicole,nlindsey210@comcast.net,2930 COUNTY HIGHWAY 1,BETHANY,ILLINOIS,61914,UNITED STATES
238,Estrada,Tina,tina_estrada@verizon.net,2757 N 1700 EAST RD,BETHANY,ILLINOIS,61914,UNITED STATES
239,Nelson,Cheryl,cheryl_nelson89@verizon.net,2632 N 1700 EAST RD,BETHANY,ILLINOIS,61914,UNITED STATES
240,Gardner,Rosie,rosie_gardner37@yahoo.com,1979 E 2475 NORTH RD,BETHANY,ILLINOIS,61914,UNITED STATES
241,Vargas,Verna,verna10725@yahoo.com,1678 E 3000 NORTH RD,BETHANY,ILLINOIS,61914,UNITED STATES
242,Mack,Carl,cmack59@comcast.net,2752 N 1700 EAST RD,BETHANY,ILLINOIS,61914,UNITED STATES
243,Perez,Nichole,nichole55@verizon.net,170 N 1500 EAST RD,COWDEN,ILLINOIS,62422,UNITED STATES
244,Young,Eileen,eileen44@verizon.net,1475 E 225 NORTH RD,COWDEN,ILLINOIS,62422,UNITED STATES
245,Rios,Eleanor,eleanor_rios@outlook.com,1478 E 500 NORTH RD,COWDEN,ILLINOIS,62422,UNITED STATES
246,Bryant,Inez,inez_bryant77@verizon.net,1686 E 500 NORTH RD,COWDEN,ILLINOIS,62422,UNITED STATES
247,Greer,Paulette,pauletteg@outlook.com,488 N 1700 EAST RD,COWDEN,ILLINOIS,62422,UNITED STATES
248,Carter,Jackie,jackie_carter@outlook.com,1700 E 500 NORTH RD,COWDEN,ILLINOIS,62422,UNITED STATES
249,Miles,Ricky,rickym27@outlook.com,158 N 1400 EAST RD,COWDEN,ILLINOIS,62422,UNITED STATES
250,Dixon,Melanie,melanie_dixon@gmail.com,1336 E 225 NORTH RD,COWDEN,ILLINOIS,62422,UNITED STATES
251,Valdez,Victor,vvaldez@gmail.com,2001 ST MARYS BLVD,JEFFERSON CITY,MISSOURI,65109,UNITED STATES
252,Porter,Crystal,crystalp34@gmail.com,2009 ST MARYS BLVD,JEFFERSON CITY,MISSOURI,65109,UNITED STATES
253,Moody,Felix,felix_moody@comcast.net,2110 ST MARYS BLVD,JEFFERSON CITY,MISSOURI,65109,UNITED STATES
254,Greene,Isaac,isaac2274@yahoo.com,2119 ST MARYS BLVD,JEFFERSON CITY,MISSOURI,65109,UNITED STATES
255,Cannon,Tom,tom_cannon@yahoo.com,2022 MISSOURI BLVD,JEFFERSON CITY,MISSOURI,65109,UNITED STATES
256,Walsh,Rogelio,rogelio95510@verizon.net,2012 MISSOURI BLVD,JEFFERSON CITY,MISSOURI,65109,UNITED STATES
257,Powers,Erma,erma_powers51@outlook.com,520 DIX RD,JEFFERSON CITY,MISSOURI,65109,UNITED STATES
258,Dean,Gail,gail_dean76@comcast.net,2018 WILLIAM ST,JEFFERSON CITY,MISSOURI,65109,UNITED STATES
259,Marsh,Bernice,bmarsh37@outlook.com,2300 MISSOURI BLVD,JEFFERSON CITY,MISSOURI,65109,UNITED STATES
260,Quinn,Myra,myra_quinn31@gmail.com,2300 ST MARYS BLVD,JEFFERSON CITY,MISSOURI,65109,UNITED STATES
261,Gonzales,Todd,toddg34@comcast.net,2207 MISSOURI BLVD,JEFFERSON CITY,MISSOURI,65109,UNITED STATES
262,Burgess,Wilson,wilson_burgess72@verizon.net,728 HEISINGER RD,JEFFERSON CITY,MISSOURI,65109,UNITED STATES
263,Barker,Dominic,dominic_barker107@gmail.com,2009 MISSOURI BLVD,JEFFERSON CITY,MISSOURI,65109,UNITED STATES
264,Dawson,Orlando,orlando_dawson@verizon.net,730 WICKER LN,JEFFERSON CITY,MISSOURI,65109,UNITED STATES
265,Griffith,Javier,jgriffith75@comcast.net,2605 MISSOURI BLVD,JEFFERSON CITY,MISSOURI,65109,UNITED STATES
266,Copeland,Lola,lola_copeland@yahoo.com,718 W STADIUM BLVD,JEFFERSON CITY,MISSOURI,65109,UNITED STATES
267,Hubbard,Roman,roman_hubbard47@gmail.com,2024 ST MARYS BLVD,JEFFERSON CITY,MISSOURI,65109,UNITED STATES
268,Alexander,Perry,perry75@gmail.com,2100 ST MARYS BLVD,JEFFERSON CITY,MISSOURI,65109,UNITED STATES
269,Luna,Alberta,albertal@verizon.net,2104 ST MARYS BLVD,JEFFERSON CITY,MISSOURI,65109,UNITED STATES
270,Hamilton,Claire,chamilton@yahoo.com,2106 ST MARYS BLVD,JEFFERSON CITY,MISSOURI,65109,UNITED STATES
271,Wong,Amelia,amelia81@outlook.com,610 DIX RD,JEFFERSON CITY,MISSOURI,65109,UNITED STATES
272,Rogers,Donnie,donnie6777@yahoo.com,606 DIX RD,JEFFERSON CITY,MISSOURI,65109,UNITED STATES
273,Stephens,Carroll,carroll44@outlook.com,604 DIX RD,JEFFERSON CITY,MISSOURI,65109,UNITED STATES
274,Schmidt,Clayton,clayton_schmidt31@comcast.net,600 DIX RD,JEFFERSON CITY,MISSOURI,65109,UNITED STATES
275,Marshall,Sylvester,sylvester108@verizon.net,2013 WILLIAM ST,JEFFERSON CITY,MISSOURI,65109,UNITED STATES
276,Parker,Dustin,dustinp@verizon.net,2319 MISSOURI BLVD,JEFFERSON CITY,MISSOURI,65109,UNITED STATES
277,Taylor,Gerardo,gtaylor85@comcast.net,2305 MISSOURI BLVD,JEFFERSON CITY,MISSOURI,65109,UNITED STATES
278,Collins,Aubrey,aubreyc29@verizon.net,2233 MISSOURI BLVD,JEFFERSON CITY,MISSOURI,65109,UNITED STATES
279,Sandoval,Tracy,tracys210@comcast.net,2223 MISSOURI BLVD,JEFFERSON CITY,MISSOURI,65109,UNITED STATES
280,Day,Felicia,feliciad73@outlook.com,721 WICKER LN,JEFFERSON CITY,MISSOURI,65109,UNITED STATES
281,Parsons,Marty,marty_parsons@gmail.com,719 WICKER LN,JEFFERSON CITY,MISSOURI,65109,UNITED STATES
282,Fitzgerald,Ethel,efitzgerald@gmail.com,2001 MISSOURI BLVD,JEFFERSON CITY,MISSOURI,65109,UNITED STATES
283,Mccoy,Carla,carla78@comcast.net,2323 MISSOURI BLVD,JEFFERSON CITY,MISSOURI,65109,UNITED STATES
284,Ferguson,Rudolph,rferguson@yahoo.com,2121 ST MARYS BLVD,JEFFERSON CITY,MISSOURI,65109,UNITED STATES
285,Anderson,Noel,noela@yahoo.com,2120 MISSOURI BLVD,JEFFERSON CITY,MISSOURI,65109,UNITED STATES
286,Diaz,Tammy,tammyd@gmail.com,2118 MISSOURI BLVD,JEFFERSON CITY,MISSOURI,65109,UNITED STATES
287,Butler,Julian,julian10957@yahoo.com,2114 MISSOURI BLVD,JEFFERSON CITY,MISSOURI,65109,UNITED STATES
288,Joseph,Alvin,ajoseph@verizon.net,2107 DALTON DR,JEFFERSON CITY,MISSOURI,65109,UNITED STATES
289,Casey,Lynette,lynette27@comcast.net,2211 ST MARYS BLVD,JEFFERSON CITY,MISSOURI,65109,UNITED STATES
290,Wallace,Dianne,dwallace@outlook.com,2217 ST MARYS BLVD,JEFFERSON CITY,MISSOURI,65109,UNITED STATES
291,Bowen,Billy,billy85103@gmail.com,2224 MISSOURI BLVD,JEFFERSON CITY,MISSOURI,65109,UNITED STATES
292,Tyler,Ramona,rtyler@verizon.net,721 Heisinger RD,JEFFERSON CITY,MISSOURI,65109,UNITED STATES
293,Hicks,Monica,monica_hicks@comcast.net,2107 MISSOURI BLVD,JEFFERSON CITY,MISSOURI,65109,UNITED STATES
294,Bailey,Naomi,nbailey47@outlook.com,2021 MISSOURI BLVD,JEFFERSON CITY,MISSOURI,65109,UNITED STATES
295,Robbins,Ervin,ervin_robbins@comcast.net,2015 MISSOURI BLVD,JEFFERSON CITY,MISSOURI,65109,UNITED STATES
296,Lamb,Ebony,elamb@outlook.com,744 W STADIUM BLVD,JEFFERSON CITY,MISSOURI,65109,UNITED STATES
297,Chapman,Angel,angel_chapman102@outlook.com,724 W STADIUM BLVD,JEFFERSON CITY,MISSOURI,65109,UNITED STATES
298,Mclaughlin,Laura,lauram102@verizon.net,735 W STADIUM BLVD,JEFFERSON CITY,MISSOURI,65109,UNITED STATES
299,Craig,Stuart,stuart102@outlook.com,2509 MISSOURI BLVD,JEFFERSON CITY,MISSOURI,65109,UNITED STATES
300,Page,Emilio,epage210@outlook.com,418 LADUE RD,JEFFERSON CITY,MISSOURI,65109,UNITED STATES
301,Glover,Jodi,jodi_glover@verizon.net,2511 S JENKINS RD,SAINT LUCIE COUNTY,FLORIDA,34950,UNITED STATES
302,Lane,Mandy,mandy71083@verizon.net,2421 PETERS RD,SAINT LUCIE COUNTY,FLORIDA,34950,UNITED STATES
303,Terry,Vicki,vicki_terry@comcast.net,7001 OKEECHOBEE RD,FORT PIERCE,FLORIDA,34950,UNITED STATES
304,Clark,Sherri,sherri_clark45@comcast.net,2898 S KINGS HWY,FORT PIERCE,FLORIDA,34950,UNITED STATES
305,Warren,Candace,candacew11@yahoo.com,7147 OKEECHOBEE RD,FORT PIERCE,FLORIDA,34950,UNITED STATES
306,Moran,Bobbie,bobbiem107@yahoo.com,1409 EDGEWOOD TERR,FORT PIERCE,FLORIDA,34950,UNITED STATES
307,Leonard,Mitchell,mleonard@outlook.com,3407 S JENKINS RD,SAINT LUCIE COUNTY,FLORIDA,34950,UNITED STATES
308,Colon,Emily,emilyc@gmail.com,10851 SW 53RD CIR,OCALA,FLORIDA,34476,UNITED STATES
309,Austin,Rudy,rudy91@gmail.com,5746 BRIARGATE LN,FORT PIERCE,FLORIDA,34950,UNITED STATES
310,Jones,Raul,rjones910@comcast.net,3605 GORDY RD,SAINT LUCIE COUNTY,FLORIDA,34950,UNITED STATES
311,Salazar,Sylvester,sylvester97@comcast.net,714 N 22nd ST,FORT PIERCE,FLORIDA,34950,UNITED STATES
312,Hunt,Robin,robin3238@verizon.net,6020 SW 112TH PLACE RD,OCALA,FLORIDA,34476,UNITED STATES
313,Herrera,Angel,angel31104@comcast.net,10600 OKEECHOBEE RD,SAINT LUCIE COUNTY,FLORIDA,34950,UNITED STATES
314,Williamson,Connie,connie_williamson510@gmail.com,11546 OKEECHOBEE RD,SAINT LUCIE COUNTY,FLORIDA,34950,UNITED STATES
315,Simmons,Yvette,ysimmons@gmail.com,11550 OKEECHOBEE RD,SAINT LUCIE COUNTY,FLORIDA,34950,UNITED STATES
316,Robinson,Victor,victorr105@comcast.net,11550 OKEECHOBEE RD,SAINT LUCIE COUNTY,FLORIDA,34950,UNITED STATES
317,Guerrero,Rodney,rodney107@comcast.net,11580 OKEECHOBEE RD,SAINT LUCIE COUNTY,FLORIDA,34950,UNITED STATES
318,Alvarado,Danielle,daniellea56@yahoo.com,6018 SW 112TH PLACE RD,OCALA,FLORIDA,34476,UNITED STATES
319,King,Michele,michele_king71@gmail.com,11541 OKEECHOBEE RD,SAINT LUCIE COUNTY,FLORIDA,34950,UNITED STATES
320,Perkins,Rochelle,rochelle1734@yahoo.com,3549 ELEVEN MILE RD,SAINT LUCIE COUNTY,FLORIDA,34950,UNITED STATES
321,Romero,Tonya,tonya81109@comcast.net,3782 MCCARTY RD,SAINT LUCIE COUNTY,FLORIDA,34950,UNITED STATES
322,Benson,Casey,casey_benson105@outlook.com,10707 OKEECHOBEE RD,SAINT LUCIE COUNTY,FLORIDA,34950,UNITED STATES
323,Manning,Karl,karlm@gmail.com,3755 MCCARTY RD,SAINT LUCIE COUNTY,FLORIDA,34950,UNITED STATES
324,Mills,Walter,walter92@verizon.net,13000 OKEECHOBEE RD,SAINT LUCIE COUNTY,FLORIDA,34950,UNITED STATES
325,Henry,Shawna,shawnah@verizon.net,6014 SW 112TH PLACE RD,OCALA,FLORIDA,34476,UNITED STATES
326,Martinez,Julius,jmartinez@comcast.net,3440 SHINN RD,SAINT LUCIE COUNTY,FLORIDA,34950,UNITED STATES
327,Vaughn,Veronica,veronica_vaughn@verizon.net,6012 SW 112TH PLACE RD,OCALA,FLORIDA,34476,UNITED STATES
328,Cruz,Arnold,arnoldc@verizon.net,3501 SHINN RD,SAINT LUCIE COUNTY,FLORIDA,34950,UNITED STATES
329,Jennings,Joy,joyj510@comcast.net,13501 OKEECHOBEE RD,SAINT LUCIE COUNTY,FLORIDA,34950,UNITED STATES
330,Guzman,Opal,opal_guzman1010@gmail.com,3696 ELEVEN MILE RD,SAINT LUCIE COUNTY,FLORIDA,34950,UNITED STATES
331,Cross,Joshua,joshua4788@gmail.com,10780 Muller RD,SAINT LUCIE COUNTY,FLORIDA,34950,UNITED STATES
332,Frazier,Jessie,jfrazier310@outlook.com,12000 TWIN CREEKS RD,SAINT LUCIE COUNTY,FLORIDA,34950,UNITED STATES
333,Zimmerman,Linda,lzimmerman51@verizon.net,10530 Muller RD,SAINT LUCIE COUNTY,FLORIDA,34950,UNITED STATES
334,Griffin,Clifford,cliffordg37@outlook.com,6010 SW 112TH PLACE RD,OCALA,FLORIDA,34476,UNITED STATES
335,Strickland,Pat,pats99@gmail.com,4170 MCCARTY RD,SAINT LUCIE COUNTY,FLORIDA,34950,UNITED STATES
336,Garcia,Gloria,gloria_garcia28@yahoo.com,11606 TWIN CREEKS DR,SAINT LUCIE COUNTY,FLORIDA,34982,UNITED STATES
337,Fernandez,Kelly,kelly23102@verizon.net,4300 MCCARTY RD,SAINT LUCIE COUNTY,FLORIDA,34945,UNITED STATES
338,Vasquez,Mona,mona6471@verizon.net,10300 Muller RD,SAINT LUCIE COUNTY,FLORIDA,34950,UNITED STATES
339,Green,Victoria,victoriag19@yahoo.com,9750 Muller RD,SAINT LUCIE COUNTY,FLORIDA,34945,UNITED STATES
340,Olson,Beulah,bolson@verizon.net,9770 Muller RD,SAINT LUCIE COUNTY,FLORIDA,34945,UNITED STATES
341,Erickson,Vivian,verickson64@outlook.com,403 FERNANDINA ST,FORT PIERCE,FLORIDA,34949,UNITED STATES
342,Mcdonald,Theodore,theodore21067@outlook.com,430 S OCEAN DR,FORT PIERCE,FLORIDA,34950,UNITED STATES
343,Wood,Spencer,swood26@verizon.net,607 N 24th ST,FORT PIERCE,FLORIDA,34950,UNITED STATES
344,Fitzgerald,Dewey,dfitzgerald@outlook.com,6004 SW 112TH PLACE RD,OCALA,FLORIDA,34476,UNITED STATES
345,Logan,Olga,olga_logan44@yahoo.com,312 S OCEAN DR,FORT PIERCE,FLORIDA,34949,UNITED STATES
346,Hines,Hilda,hilda1396@outlook.com,320 S OCEAN DR,FORT PIERCE,FLORIDA,34949,UNITED STATES
347,Gross,Jeremiah,jeremiah15@verizon.net,322 S OCEAN DR,FORT PIERCE,FLORIDA,34949,UNITED STATES
348,Stone,Alexandra,alexandras29@comcast.net,1920 SEAWAY DR,FORT PIERCE,FLORIDA,34950,UNITED STATES
349,Welch,Tyler,tyler_welch48@comcast.net,221 S OCEAN DR,FORT PIERCE,FLORIDA,34949,UNITED STATES
350,Dean,Kerry,kerry_dean@verizon.net,351 S OCEAN DR,FORT PIERCE,FLORIDA,34949,UNITED STATES
351,Wade,Darren,darrenw106@outlook.com,3505 MURPHY RD,RICHARDSON,TEXAS,75082,UNITED STATES
352,Joseph,Alton,alton_joseph84@gmail.com,2412 PHEASANT RUN,MELISSA,TEXAS,75454,UNITED STATES
353,Harvey,Jody,jodyh@outlook.com,1108 ROMAN DR,PRINCETON,TEXAS,75407,UNITED STATES
354,Henderson,Domingo,domingo28107@outlook.com,7380 ZACHERY DR,FRISCO,TEXAS,75033,UNITED STATES
355,Gonzales,Sylvia,sylvia35910@comcast.net,1710 WHITE MOUNTAIN WAY,PRINCETON,TEXAS,75407,UNITED STATES
356,Morris,William,williamm@yahoo.com,3916 GRIFBRICK DR,PLANO,TEXAS,75075,UNITED STATES
357,Hampton,Jesus,jesus_hampton810@verizon.net,10516 SEXTON DR,MCKINNEY,TEXAS,75072,UNITED STATES
358,Miles,Philip,pmiles103@yahoo.com,3613 WELLINGTON PL,PLANO,TEXAS,75075,UNITED STATES
359,Hart,Sheila,sheila7786@gmail.com,3506 ELMSTED DR,RICHARDSON,TEXAS,75082,UNITED STATES
360,Lawson,Leslie,leslie_lawson88@verizon.net,7005 CHATEAU DR,FRISCO,TEXAS,75035,UNITED STATES
361,Fuller,Mildred,mildredf@comcast.net,1756 FIRESIDE DR,PLANO,TEXAS,75074,UNITED STATES
362,Stokes,Alan,alan_stokes@gmail.com,2509 BELMONT PL,PLANO,TEXAS,75023,UNITED STATES
363,Webb,Miguel,miguel_webb1010@verizon.net,2713 LEAMEADOW DR,PLANO,TEXAS,75075,UNITED STATES
364,Hanson,Audrey,ahanson@outlook.com,10180 DRAWBRIDGE DR,FRISCO,TEXAS,75035,UNITED STATES
365,Parks,Ian,ian710@outlook.com,3205 OVERLAND DR,PLANO,TEXAS,75023,UNITED STATES
366,Keller,Kim,kim_keller72@gmail.com,1114 WYATT EARP DR,ANNA,TEXAS,75409,UNITED STATES
367,Curtis,Moses,moses_curtis@outlook.com,6800 WIND ROW DR,MCKINNEY,TEXAS,75070,UNITED STATES
368,Burton,Marianne,marianneb@verizon.net,1109 AUGUSTIN DR,PRINCETON,TEXAS,75407,UNITED STATES
369,Castillo,Matthew,matthewc62@comcast.net,1300 BENT GRASS DR,PRINCETON,TEXAS,75407,UNITED STATES
370,Santos,Rosemary,rosemary8284@comcast.net,5154 COUNTY ROAD 597,FARMERSVILLE,TEXAS,75442,UNITED STATES
371,Hodges,Monique,mhodges81@verizon.net,2801 HIDDEN FOREST DR,MCKINNEY,TEXAS,75072,UNITED STATES
372,Mendez,Edmund,edmund56@outlook.com,607 WILLIAMS DR,ALLEN,TEXAS,75013,UNITED STATES
373,Cohen,Angela,angelac@yahoo.com,4532 TUXFORD CT,PLANO,TEXAS,75093,UNITED STATES
374,Allison,Belinda,ballison@yahoo.com,1601 SADDLE RIDGE DR,WYLIE,TEXAS,75098,UNITED STATES
375,Carson,Guadalupe,guadalupe_carson@verizon.net,10609 MILL BRG,MCKINNEY,TEXAS,75072,UNITED STATES
376,Roberson,Hugh,hugh_roberson26@gmail.com,2807 LINCOLN DR,MELISSA,TEXAS,75454,UNITED STATES
377,Sims,Flora,floras@outlook.com,322 CANYON SPRINGS DR,ALLEN,TEXAS,75002,UNITED STATES
378,Drake,Dan,dan_drake73@yahoo.com,10213 SAVOY DR,PLANO,TEXAS,75025,UNITED STATES
379,Wilkins,Cornelius,cornelius_wilkins91@comcast.net,2509 GLENHAVEN DR,MCKINNEY,TEXAS,75071,UNITED STATES
380,Lindsey,Jimmie,jlindsey47@outlook.com,4512 CEDAR CREST DR,MCKINNEY,TEXAS,75070,UNITED STATES
381,Thornton,Leonard,lthornton@verizon.net,3525 BREES ST,PLANO,TEXAS,75075,UNITED STATES
382,Bryant,Kelli,kelli_bryant76@yahoo.com,5414 HARBOUR RD,RICHARDSON,TEXAS,75082,UNITED STATES
383,Massey,Luz,lmassey@gmail.com,11721 CHARLOTTE LN,FRISCO,TEXAS,75035,UNITED STATES
384,Silva,Lee,lee93103@gmail.com,502 N OHIO ST,CELINA,TEXAS,75009,UNITED STATES
385,Black,May,may_black68@outlook.com,9799 CARRIAGE HILL LN,FRISCO,TEXAS,75035,UNITED STATES
386,Scott,Peggy,pscott105@verizon.net,4520 REFUGIO DR,PLANO,TEXAS,75024,UNITED STATES
387,Stanley,Wm,wm65@outlook.com,12309 MURRAY LN,FRISCO,TEXAS,75035,UNITED STATES
388,Snyder,Harriet,harriet15@verizon.net,3417 LAUREL LN,PLANO,TEXAS,75074,UNITED STATES
389,Norman,Marcos,marcos13@verizon.net,6709 SPOKANE PL,PLANO,TEXAS,75023,UNITED STATES
390,Cooper,Ollie,ocooper53@gmail.com,2022 WROTHAM LN,ALLEN,TEXAS,75013,UNITED STATES
391,Manza,Loreno,loreno_manza@outlook.com,8 VIA DELLE FONTI,BOLOGNA,EMILIA-ROMAGNA,40128,ITALY
392,Repetti,Serafino,srepetti@comcast.net,77 VIA DELL'ARCOVEGGIO,BOLOGNA,EMILIA-ROMAGNA,40129,ITALY
393,Colandrea,Ottaviano,ocolandrea73@comcast.net,19 VIA GIULIO VERNE,BOLOGNA,EMILIA-ROMAGNA,40128,ITALY
394,Latessa,Moreno,moreno_latessa@verizon.net,64 VIA CRISTOFORO COLOMBO,BOLOGNA,EMILIA-ROMAGNA,40128,ITALY
395,Certo,Divo,divo_certo67@verizon.net,16 VIA GENUZIO BENTINI,BOLOGNA,EMILIA-ROMAGNA,40128,ITALY
396,Di Perna,Adelfo,adi47@gmail.com,14 VIA GENUZIO BENTINI,BOLOGNA,EMILIA-ROMAGNA,40128,ITALY
397,D'Imperio,Donatello,donatellod76@outlook.com,62 VIA CRISTOFORO COLOMBO,BOLOGNA,EMILIA-ROMAGNA,40128,ITALY
398,Scalia,Gallicano,gallicanos38@comcast.net,19 VIA DELLE FONTI,BOLOGNA,EMILIA-ROMAGNA,40128,ITALY
399,Bucaro,Amabile,amabile22101@gmail.com,1 VIA AMILCARE BORTOLOTTI,BOLOGNA,EMILIA-ROMAGNA,40128,ITALY
400,Simonini,Bortolo,bortolo7581@outlook.com,3 VIA AMILCARE BORTOLOTTI,BOLOGNA,EMILIA-ROMAGNA,40128,ITALY
